id,require_grads,x1,x2,op_type,op_attr,x1_shape,x1_hidden,x2_shape,x2_hidden,grad_of,extra_attr
transformer.0.input_norm.x@0,N,in_emb.y@0,,I,,"Batch/dp,Seq/(cp*tp),Dmodel",1,,,,
transformer.0.input_norm.y@0,N,transformer.0.input_norm.x@0,,E,5.0,"Batch/dp,Seq/(cp*tp),Dmodel",1,,,,
transformer.0.input_norm.dy@0,N,transformer.0.mha.dx@0,transformer.0.mha_res.dx2@0,A,,"Batch/dp,Seq/(cp*tp),Dmodel",1,"Batch/dp,Seq/(cp*tp),Dmodel",1,transformer.0.input_norm.y@0,
transformer.0.input_norm.dx@0,N,transformer.0.input_norm.dy@0,,E,5.0,"Batch/dp,Seq/(cp*tp),Dmodel",1,,,transformer.0.input_norm.x@0,
transformer.0.mha.x@0,N,transformer.0.input_norm.y@0,,I,,"Batch/dp,Seq/(cp*tp),Dmodel",1,,,,
transformer.0.mha.wqkv@0,N,transformer.0._assembled_weight@0,,CUSTOM,0,2*Dff*Dmodel/tp + 4*Dmodel**2/tp,1,"Dmodel,Dmodel/Head,3*Head/tp",1,,
transformer.0.mha.qkv@0,N,transformer.0.mha.x@0,transformer.0.mha.wqkv@0,M,"bsm,mnh->bsnh","Batch/dp,Seq/cp,Dmodel",1,"Dmodel,Dmodel/Head,3*Head/tp",1.00000000000000,,
transformer.0.mha.q@0,N,transformer.0.mha.qkv@0,,SLICE,3:Head/tp,"Batch/dp,Seq/cp,Dmodel/Head,3*Head/tp",1,,,,
transformer.0.mha.k@0,N,transformer.0.mha.qkv@0,,SLICE,3:Head/tp,"Batch/dp,Seq/cp,Dmodel/Head,3*Head/tp",1,,,,
transformer.0.mha.v@0,N,transformer.0.mha.qkv@0,,SLICE,3:Head/tp,"Batch/dp,Seq/cp,Dmodel/Head,3*Head/tp",1,,,,
transformer.0.mha.attn@0,N,transformer.0.mha.attn_kernel.qkv@0,,I,,"Batch/dp,Seq/cp,Dmodel/Head,Head/tp",1,,,,
transformer.0.mha.wo@0,N,transformer.0._assembled_weight@0,,CUSTOM,0,2*Dff*Dmodel/tp + 4*Dmodel**2/tp,1,"Dmodel/Head,Head/tp,Dmodel",1,,
transformer.0.mha.o1@0,N,transformer.0.mha.attn@0,transformer.0.mha.wo@0,M,"bsmh,mhn->bsn","Batch/dp,Seq/cp,Dmodel/Head,Head/tp",1,"Dmodel/Head,Head/tp,Dmodel",1.00000000000000,,
transformer.0.mha.o@0,N,transformer.0.mha.o1@0,,I,,"Batch/dp,Seq/(cp*tp),Dmodel",1,,,,
transformer.0.mha.do@0,N,transformer.0.mha_res.dx1@0,,I,,"Batch/dp,Seq/(cp*tp),Dmodel",1,,,transformer.0.mha.o@0,
transformer.0.mha.do1@0,N,transformer.0.mha.do@0,,I,,"Batch/dp,Seq/cp,Dmodel",1,,,transformer.0.mha.o1@0,
transformer.0.mha.dattn@0,N,transformer.0.mha.do1@0,transformer.0._mha.wo_backward@0,M,"bsn,mhn->bsmh","Batch/dp,Seq/cp,Dmodel",1,"Dmodel/Head,Head/tp,Dmodel",1.00000000000000,,
transformer.0.mha.dwo@0,N,transformer.0.mha.do1@0,transformer.0.mha.attn@0,M,"bsn,bsmh->mhn","Batch/dp,Seq/cp,Dmodel",1,"Batch/dp,Seq/cp,Dmodel/Head,Head/tp",1.00000000000000,transformer.0.mha.wo@0,
transformer.0.mha.dv@0,N,transformer.0.mha.attn_kernel.dv@0,,I,,"Batch/dp,Seq/cp,Dmodel/Head,Head/tp",1,,,transformer.0.mha.v@0,
transformer.0.mha.dk@0,N,transformer.0.mha.attn_kernel.dk@0,,I,,"Batch/dp,Seq/cp,Dmodel/Head,Head/tp",1,,,transformer.0.mha.k@0,
transformer.0.mha.dq@0,N,transformer.0.mha.attn_kernel.dq@0,,I,,"Batch/dp,Seq/cp,Dmodel/Head,Head/tp",1,,,transformer.0.mha.q@0,
transformer.0.mha.dkv@0,N,transformer.0.mha.dv@0,transformer.0.mha.dk@0,SLICE,3:2*Head/tp,"Batch/dp,Seq/cp,Dmodel/Head,Head/tp",1,"Batch/dp,Seq/cp,Dmodel/Head,Head/tp",1.00000000000000,,
transformer.0.mha.dqkv@0,N,transformer.0.mha.dkv@0,transformer.0.mha.dq@0,SLICE,3:(2*Head+Head)/tp,"Batch/dp,Seq/cp,Dmodel/Head,2*Head/tp",1,"Batch/dp,Seq/cp,Dmodel/Head,Head/tp",1.00000000000000,transformer.0.mha.qkv@0,
transformer.0.mha.dwqkv@0,N,transformer.0.mha.dqkv@0,transformer.0.mha.x@0,M,"bsnh,bsm->mnh","Batch/dp,Seq/cp,Dmodel/Head,3*Head/tp",1,"Batch/dp,Seq/cp,Dmodel",1.00000000000000,transformer.0.mha.wqkv@0,
transformer.0.mha.dx1@0,N,transformer.0.mha.dqkv@0,transformer.0._mha.wqkv_backward@0,M,"bsnh,mnh->bsm","Batch/dp,Seq/cp,Dmodel/Head,3*Head/tp",1,"Dmodel,Dmodel/Head,3*Head/tp",1.00000000000000,,
transformer.0.mha.dx@0,N,transformer.0.mha.dx1@0,,I,,"Batch/dp,Seq/(cp*tp),Dmodel",1,,,,
transformer.0.mha.attn_kernel.q@0,N,transformer.0.mha.q@0,,I,,"Batch/dp,Seq/cp,Dmodel/Head,Head/tp",1,,,,
transformer.0.mha.attn_kernel.k@0,N,transformer.0.mha.k@0,,I,,"Batch/dp,Seq/cp,Dmodel/Head,Head/tp",1,,,,
transformer.0.mha.attn_kernel.v@0,N,transformer.0.mha.v@0,,I,,"Batch/dp,Seq/cp,Dmodel/Head,Head/tp",1,,,,
transformer.0.mha.attn_kernel.k1@0,N,transformer.0.mha.attn_kernel.k@0,,I,,"Batch/dp,Seq,Dmodel/Head,Head/tp",1,,,,
transformer.0.mha.attn_kernel.v1@0,N,transformer.0.mha.attn_kernel.v@0,,I,,"Batch/dp,Seq,Dmodel/Head,Head/tp",1,,,,
transformer.0.mha.attn_kernel.qkv@0,N,transformer.0.mha.attn_kernel.q@0,,CUSTOM,Batch/dp*Seq/cp*Dmodel/Head*Head/tp*3,"Batch/dp,Seq/cp,Dmodel/Head,Head/tp",1,"Batch/dp,Seq/cp,Dmodel/Head,Head/tp",1,,"{""data_deps"": [""transformer.0.mha.attn_kernel.k1@0"", ""transformer.0.mha.attn_kernel.v1@0""]}"
transformer.0.mha.attn_kernel.dqkv@0,N,transformer.0.mha.dattn@0,,I,,"Batch/dp,Seq/cp,Dmodel/Head,Head/tp",1,,,transformer.0.mha.attn_kernel.qkv@0,
transformer.0.mha.attn_kernel.dq@0,N,transformer.0.mha.attn_kernel.dqkv@0,,CUSTOM,Batch/dp*Seq/cp*Dmodel/Head*Head/tp*6,"Batch/dp,Seq/cp,Dmodel/Head,Head/tp",1,"Batch/dp,Seq/cp,Dmodel/Head,Head/tp",1,transformer.0.mha.attn_kernel.q@0,
transformer.0.mha.attn_kernel.dk@0,N,transformer.0.mha.attn_kernel.dqkv@0,,CUSTOM,Batch/dp*Seq/cp*Dmodel/Head*Head/tp*6,"Batch/dp,Seq/cp,Dmodel/Head,Head/tp",1,"Batch/dp,Seq,Dmodel/Head,Head/tp",1/cp,,
transformer.0.mha.attn_kernel.dv@0,N,transformer.0.mha.attn_kernel.dqkv@0,,CUSTOM,Batch/dp*Seq/cp*Dmodel/Head*Head/tp*6,"Batch/dp,Seq/cp,Dmodel/Head,Head/tp",1,"Batch/dp,Seq,Dmodel/Head,Head/tp",1/cp,,
transformer.0.mha_res.x1@0,N,transformer.0.mha.o@0,,I,,"Batch/dp,Seq/(cp*tp),Dmodel",1,,,,
transformer.0.mha_res.x2@0,N,transformer.0.input_norm.x@0,,I,,"Batch/dp,Seq/(cp*tp),Dmodel",1,,,,
transformer.0.mha_res.y@0,N,transformer.0.mha_res.x1@0,transformer.0.mha_res.x2@0,A,,"Batch/dp,Seq/(cp*tp),Dmodel",1,"Batch/dp,Seq/(cp*tp),Dmodel",1.00000000000000,,
transformer.0.mha_res.dy@0,N,transformer.0.post_attn_norm.dx@0,,I,,"Batch/dp,Seq/(cp*tp),Dmodel",1,,,transformer.0.mha_res.y@0,
transformer.0.mha_res.dx1@0,N,transformer.0.mha_res.dy@0,,I,,"Batch/dp,Seq/(cp*tp),Dmodel",1,,,transformer.0.mha_res.x1@0,
transformer.0.mha_res.dx2@0,N,transformer.0.mha_res.dy@0,,I,,"Batch/dp,Seq/(cp*tp),Dmodel",1,,,transformer.0.mha_res.x2@0,
transformer.0.post_attn_norm.x@0,N,transformer.0.mha_res.y@0,,I,,"Batch/dp,Seq/(cp*tp),Dmodel",1,,,,
transformer.0.post_attn_norm.y@0,N,transformer.0.post_attn_norm.x@0,,E,5.0,"Batch/dp,Seq/(cp*tp),Dmodel",1,,,,
transformer.0.post_attn_norm.dy@0,N,transformer.0.ffn.dx0@0,transformer.0.ffn_res.dx2@0,A,,"Batch/dp,Seq/(cp*tp),Dmodel",1,"Batch/dp,Seq/(cp*tp),Dmodel",1,transformer.0.post_attn_norm.y@0,
transformer.0.post_attn_norm.dx@0,N,transformer.0.post_attn_norm.dy@0,,E,5.0,"Batch/dp,Seq/(cp*tp),Dmodel",1,,,transformer.0.post_attn_norm.x@0,
transformer.0.ffn.x0@0,N,transformer.0.post_attn_norm.y@0,,I,,"Batch/dp,Seq/(cp*tp),Dmodel",1,,,,
transformer.0.ffn.wgate@0,N,transformer.0._assembled_weight@0,,CUSTOM,0,2*Dff*Dmodel/tp + 4*Dmodel**2/tp,1,"Dmodel,Dff/tp",1,,
transformer.0.ffn.wdown@0,N,transformer.0._assembled_weight@0,,CUSTOM,0,2*Dff*Dmodel/tp + 4*Dmodel**2/tp,1,"Dff/tp,Dmodel",1,,
transformer.0.ffn.x00@0,N,transformer.0.ffn.x0@0,,I,,"Batch/dp,Seq/cp,Dmodel",1,,,,
transformer.0.ffn.xgate@0,N,transformer.0.ffn.x00@0,transformer.0.ffn.wgate@0,M,"bsm,mn->bsn","Batch/dp,Seq/cp,Dmodel",1,"Dmodel,Dff/tp",1.00000000000000,,
transformer.0.ffn.xdown1@0,N,transformer.0.ffn.xgate@0,transformer.0.ffn.wdown@0,M,"bsm,mn->bsn","Batch/dp,Seq/cp,Dff/tp",1,"Dff/tp,Dmodel",1.00000000000000,,
transformer.0.ffn.xdown@0,N,transformer.0.ffn.xdown1@0,,I,,"Batch/dp,Seq/(cp*tp),Dff",1,,,,
transformer.0.ffn.dxdown@0,N,transformer.0.ffn_res.dx1@0,,I,,"Batch/dp,Seq/(cp*tp),Dmodel",1,,,transformer.0.ffn.xdown@0,
transformer.0.ffn.dxdown2@0,N,transformer.0.ffn.dxdown@0,,I,,"Batch/dp,Seq/cp,Dmodel",1,,,,
transformer.0.ffn.dwdown@0,N,transformer.0.ffn.dxdown2@0,transformer.0.ffn.xgate@0,M,"bsn,bsm->mn","Batch/dp,Seq/cp,Dmodel",1,"Batch/dp,Seq/cp,Dff/tp",1.00000000000000,transformer.0.ffn.wdown@0,
transformer.0.ffn.dxgate@0,N,transformer.0.ffn.dxdown2@0,transformer.0._ffn.wdown_backward@0,M,"bsn,mn->bsm","Batch/dp,Seq/cp,Dmodel",1,"Dff/tp,Dmodel",1.00000000000000,transformer.0.ffn.xgate@0,
transformer.0.ffn.x01@0,N,transformer.0.ffn.x0@0,,I,,"Batch/dp,Seq/cp,Dmodel",1,,,,
transformer.0.ffn.dwgate@0,N,transformer.0.ffn.dxgate@0,transformer.0.ffn.x01@0,M,"bsn,bsm->mn","Batch/dp,Seq/cp,Dff/tp",1,"Batch/dp,Seq/cp,Dmodel",1.00000000000000,transformer.0.ffn.wgate@0,
transformer.0.ffn.dx000@0,N,transformer.0.ffn.dxgate@0,transformer.0._ffn.wgate_backward@0,M,"bsn,mn->bsm","Batch/dp,Seq/cp,Dff/tp",1,"Dmodel,Dff/tp",1.00000000000000,,
transformer.0.ffn.dx0@0,N,transformer.0.ffn.dx000@0,,I,,"Batch/dp,Seq/(cp*tp),Dmodel",1,,,,
transformer.0.ffn_res.x1@0,N,transformer.0.ffn.xdown@0,,I,,"Batch/dp,Seq/(cp*tp),Dmodel",1,,,,
transformer.0.ffn_res.x2@0,N,transformer.0.post_attn_norm.x@0,,I,,"Batch/dp,Seq/(cp*tp),Dmodel",1,,,,
transformer.0.ffn_res.y@0,N,transformer.0.ffn_res.x1@0,transformer.0.ffn_res.x2@0,A,,"Batch/dp,Seq/(cp*tp),Dmodel",1,"Batch/dp,Seq/(cp*tp),Dmodel",1.00000000000000,,
transformer.0.ffn_res.dy@0,N,transformer.1.input_norm.dx@0,,I,,"Batch/dp,Seq/(cp*tp),Dmodel",1,,,transformer.0.ffn_res.y@0,
transformer.0.ffn_res.dx1@0,N,transformer.0.ffn_res.dy@0,,I,,"Batch/dp,Seq/(cp*tp),Dmodel",1,,,transformer.0.ffn_res.x1@0,
transformer.0.ffn_res.dx2@0,N,transformer.0.ffn_res.dy@0,,I,,"Batch/dp,Seq/(cp*tp),Dmodel",1,,,transformer.0.ffn_res.x2@0,
transformer.0._sharded_weight@0,Y,,,T,,(2*Dff*Dmodel/tp + 4*Dmodel**2/tp)/fsdp,1,,,,
transformer.0._assembled_weight@0,N,transformer.0._sharded_weight@0,,I,,2*Dff*Dmodel/tp + 4*Dmodel**2/tp,1,,,,
transformer.0._sharded_grad@0,N,transformer.0._assembled_grad@0,,I,,(2*Dff*Dmodel/tp + 4*Dmodel**2/tp)/fsdp,1,,,transformer.0._sharded_weight@0,
transformer.0._assembled_grad@0,N,transformer.0.mha.dwqkv@0,,CUSTOM,0,"Dmodel,Dmodel/Head,3*Head/tp","Batch/dp,Seq/cp",2*Dff*Dmodel/tp + 4*Dmodel**2/tp,"Batch/dp,Seq/cp",,"{""data_deps"": [""transformer.0.mha.dwo@0"", ""transformer.0.ffn.dwgate@0"", ""transformer.0.ffn.dwdown@0""]}"
transformer.0._mha.wqkv_backward@0,N,transformer.0._assembled_weight_backward@0,,CUSTOM,0,2*Dff*Dmodel/tp + 4*Dmodel**2/tp,1,"Dmodel,Dmodel/Head,3*Head/tp",1,,
transformer.0._mha.wo_backward@0,N,transformer.0._assembled_weight_backward@0,,CUSTOM,0,2*Dff*Dmodel/tp + 4*Dmodel**2/tp,1,"Dmodel/Head,Head/tp,Dmodel",1,,
transformer.0._ffn.wgate_backward@0,N,transformer.0._assembled_weight_backward@0,,CUSTOM,0,2*Dff*Dmodel/tp + 4*Dmodel**2/tp,1,"Dmodel,Dff/tp",1,,
transformer.0._ffn.wdown_backward@0,N,transformer.0._assembled_weight_backward@0,,CUSTOM,0,2*Dff*Dmodel/tp + 4*Dmodel**2/tp,1,"Dff/tp,Dmodel",1,,
transformer.0._assembled_weight_backward@0,N,transformer.0._sharded_weight@0,,I,,2*Dff*Dmodel/tp + 4*Dmodel**2/tp,1,,,,
transformer.1.input_norm.x@0,N,transformer.0.ffn_res.y@0,,I,,"Batch/dp,Seq/(cp*tp),Dmodel",1,,,,
transformer.1.input_norm.y@0,N,transformer.1.input_norm.x@0,,E,5.0,"Batch/dp,Seq/(cp*tp),Dmodel",1,,,,
transformer.1.input_norm.dy@0,N,transformer.1.mha.dx@0,transformer.1.mha_res.dx2@0,A,,"Batch/dp,Seq/(cp*tp),Dmodel",1,"Batch/dp,Seq/(cp*tp),Dmodel",1,transformer.1.input_norm.y@0,
transformer.1.input_norm.dx@0,N,transformer.1.input_norm.dy@0,,E,5.0,"Batch/dp,Seq/(cp*tp),Dmodel",1,,,transformer.1.input_norm.x@0,
transformer.1.mha.x@0,N,transformer.1.input_norm.y@0,,I,,"Batch/dp,Seq/(cp*tp),Dmodel",1,,,,
transformer.1.mha.wqkv@0,N,transformer.1._assembled_weight@0,,CUSTOM,0,2*Dff*Dmodel/tp + 4*Dmodel**2/tp,1,"Dmodel,Dmodel/Head,3*Head/tp",1,,
transformer.1.mha.qkv@0,N,transformer.1.mha.x@0,transformer.1.mha.wqkv@0,M,"bsm,mnh->bsnh","Batch/dp,Seq/cp,Dmodel",1,"Dmodel,Dmodel/Head,3*Head/tp",1.00000000000000,,
transformer.1.mha.q@0,N,transformer.1.mha.qkv@0,,SLICE,3:Head/tp,"Batch/dp,Seq/cp,Dmodel/Head,3*Head/tp",1,,,,
transformer.1.mha.k@0,N,transformer.1.mha.qkv@0,,SLICE,3:Head/tp,"Batch/dp,Seq/cp,Dmodel/Head,3*Head/tp",1,,,,
transformer.1.mha.v@0,N,transformer.1.mha.qkv@0,,SLICE,3:Head/tp,"Batch/dp,Seq/cp,Dmodel/Head,3*Head/tp",1,,,,
transformer.1.mha.attn@0,N,transformer.1.mha.attn_kernel.qkv@0,,I,,"Batch/dp,Seq/cp,Dmodel/Head,Head/tp",1,,,,
transformer.1.mha.wo@0,N,transformer.1._assembled_weight@0,,CUSTOM,0,2*Dff*Dmodel/tp + 4*Dmodel**2/tp,1,"Dmodel/Head,Head/tp,Dmodel",1,,
transformer.1.mha.o1@0,N,transformer.1.mha.attn@0,transformer.1.mha.wo@0,M,"bsmh,mhn->bsn","Batch/dp,Seq/cp,Dmodel/Head,Head/tp",1,"Dmodel/Head,Head/tp,Dmodel",1.00000000000000,,
transformer.1.mha.o@0,N,transformer.1.mha.o1@0,,I,,"Batch/dp,Seq/(cp*tp),Dmodel",1,,,,
transformer.1.mha.do@0,N,transformer.1.mha_res.dx1@0,,I,,"Batch/dp,Seq/(cp*tp),Dmodel",1,,,transformer.1.mha.o@0,
transformer.1.mha.do1@0,N,transformer.1.mha.do@0,,I,,"Batch/dp,Seq/cp,Dmodel",1,,,transformer.1.mha.o1@0,
transformer.1.mha.dattn@0,N,transformer.1.mha.do1@0,transformer.1._mha.wo_backward@0,M,"bsn,mhn->bsmh","Batch/dp,Seq/cp,Dmodel",1,"Dmodel/Head,Head/tp,Dmodel",1.00000000000000,,
transformer.1.mha.dwo@0,N,transformer.1.mha.do1@0,transformer.1.mha.attn@0,M,"bsn,bsmh->mhn","Batch/dp,Seq/cp,Dmodel",1,"Batch/dp,Seq/cp,Dmodel/Head,Head/tp",1.00000000000000,transformer.1.mha.wo@0,
transformer.1.mha.dv@0,N,transformer.1.mha.attn_kernel.dv@0,,I,,"Batch/dp,Seq/cp,Dmodel/Head,Head/tp",1,,,transformer.1.mha.v@0,
transformer.1.mha.dk@0,N,transformer.1.mha.attn_kernel.dk@0,,I,,"Batch/dp,Seq/cp,Dmodel/Head,Head/tp",1,,,transformer.1.mha.k@0,
transformer.1.mha.dq@0,N,transformer.1.mha.attn_kernel.dq@0,,I,,"Batch/dp,Seq/cp,Dmodel/Head,Head/tp",1,,,transformer.1.mha.q@0,
transformer.1.mha.dkv@0,N,transformer.1.mha.dv@0,transformer.1.mha.dk@0,SLICE,3:2*Head/tp,"Batch/dp,Seq/cp,Dmodel/Head,Head/tp",1,"Batch/dp,Seq/cp,Dmodel/Head,Head/tp",1.00000000000000,,
transformer.1.mha.dqkv@0,N,transformer.1.mha.dkv@0,transformer.1.mha.dq@0,SLICE,3:(2*Head+Head)/tp,"Batch/dp,Seq/cp,Dmodel/Head,2*Head/tp",1,"Batch/dp,Seq/cp,Dmodel/Head,Head/tp",1.00000000000000,transformer.1.mha.qkv@0,
transformer.1.mha.dwqkv@0,N,transformer.1.mha.dqkv@0,transformer.1.mha.x@0,M,"bsnh,bsm->mnh","Batch/dp,Seq/cp,Dmodel/Head,3*Head/tp",1,"Batch/dp,Seq/cp,Dmodel",1.00000000000000,transformer.1.mha.wqkv@0,
transformer.1.mha.dx1@0,N,transformer.1.mha.dqkv@0,transformer.1._mha.wqkv_backward@0,M,"bsnh,mnh->bsm","Batch/dp,Seq/cp,Dmodel/Head,3*Head/tp",1,"Dmodel,Dmodel/Head,3*Head/tp",1.00000000000000,,
transformer.1.mha.dx@0,N,transformer.1.mha.dx1@0,,I,,"Batch/dp,Seq/(cp*tp),Dmodel",1,,,,
transformer.1.mha.attn_kernel.q@0,N,transformer.1.mha.q@0,,I,,"Batch/dp,Seq/cp,Dmodel/Head,Head/tp",1,,,,
transformer.1.mha.attn_kernel.k@0,N,transformer.1.mha.k@0,,I,,"Batch/dp,Seq/cp,Dmodel/Head,Head/tp",1,,,,
transformer.1.mha.attn_kernel.v@0,N,transformer.1.mha.v@0,,I,,"Batch/dp,Seq/cp,Dmodel/Head,Head/tp",1,,,,
transformer.1.mha.attn_kernel.k1@0,N,transformer.1.mha.attn_kernel.k@0,,I,,"Batch/dp,Seq,Dmodel/Head,Head/tp",1,,,,
transformer.1.mha.attn_kernel.v1@0,N,transformer.1.mha.attn_kernel.v@0,,I,,"Batch/dp,Seq,Dmodel/Head,Head/tp",1,,,,
transformer.1.mha.attn_kernel.qkv@0,N,transformer.1.mha.attn_kernel.q@0,,CUSTOM,Batch/dp*Seq/cp*Dmodel/Head*Head/tp*3,"Batch/dp,Seq/cp,Dmodel/Head,Head/tp",1,"Batch/dp,Seq/cp,Dmodel/Head,Head/tp",1,,"{""data_deps"": [""transformer.1.mha.attn_kernel.k1@0"", ""transformer.1.mha.attn_kernel.v1@0""]}"
transformer.1.mha.attn_kernel.dqkv@0,N,transformer.1.mha.dattn@0,,I,,"Batch/dp,Seq/cp,Dmodel/Head,Head/tp",1,,,transformer.1.mha.attn_kernel.qkv@0,
transformer.1.mha.attn_kernel.dq@0,N,transformer.1.mha.attn_kernel.dqkv@0,,CUSTOM,Batch/dp*Seq/cp*Dmodel/Head*Head/tp*6,"Batch/dp,Seq/cp,Dmodel/Head,Head/tp",1,"Batch/dp,Seq/cp,Dmodel/Head,Head/tp",1,transformer.1.mha.attn_kernel.q@0,
transformer.1.mha.attn_kernel.dk@0,N,transformer.1.mha.attn_kernel.dqkv@0,,CUSTOM,Batch/dp*Seq/cp*Dmodel/Head*Head/tp*6,"Batch/dp,Seq/cp,Dmodel/Head,Head/tp",1,"Batch/dp,Seq,Dmodel/Head,Head/tp",1/cp,,
transformer.1.mha.attn_kernel.dv@0,N,transformer.1.mha.attn_kernel.dqkv@0,,CUSTOM,Batch/dp*Seq/cp*Dmodel/Head*Head/tp*6,"Batch/dp,Seq/cp,Dmodel/Head,Head/tp",1,"Batch/dp,Seq,Dmodel/Head,Head/tp",1/cp,,
transformer.1.mha_res.x1@0,N,transformer.1.mha.o@0,,I,,"Batch/dp,Seq/(cp*tp),Dmodel",1,,,,
transformer.1.mha_res.x2@0,N,transformer.1.input_norm.x@0,,I,,"Batch/dp,Seq/(cp*tp),Dmodel",1,,,,
transformer.1.mha_res.y@0,N,transformer.1.mha_res.x1@0,transformer.1.mha_res.x2@0,A,,"Batch/dp,Seq/(cp*tp),Dmodel",1,"Batch/dp,Seq/(cp*tp),Dmodel",1.00000000000000,,
transformer.1.mha_res.dy@0,N,transformer.1.post_attn_norm.dx@0,,I,,"Batch/dp,Seq/(cp*tp),Dmodel",1,,,transformer.1.mha_res.y@0,
transformer.1.mha_res.dx1@0,N,transformer.1.mha_res.dy@0,,I,,"Batch/dp,Seq/(cp*tp),Dmodel",1,,,transformer.1.mha_res.x1@0,
transformer.1.mha_res.dx2@0,N,transformer.1.mha_res.dy@0,,I,,"Batch/dp,Seq/(cp*tp),Dmodel",1,,,transformer.1.mha_res.x2@0,
transformer.1.post_attn_norm.x@0,N,transformer.1.mha_res.y@0,,I,,"Batch/dp,Seq/(cp*tp),Dmodel",1,,,,
transformer.1.post_attn_norm.y@0,N,transformer.1.post_attn_norm.x@0,,E,5.0,"Batch/dp,Seq/(cp*tp),Dmodel",1,,,,
transformer.1.post_attn_norm.dy@0,N,transformer.1.ffn.dx0@0,transformer.1.ffn_res.dx2@0,A,,"Batch/dp,Seq/(cp*tp),Dmodel",1,"Batch/dp,Seq/(cp*tp),Dmodel",1,transformer.1.post_attn_norm.y@0,
transformer.1.post_attn_norm.dx@0,N,transformer.1.post_attn_norm.dy@0,,E,5.0,"Batch/dp,Seq/(cp*tp),Dmodel",1,,,transformer.1.post_attn_norm.x@0,
transformer.1.ffn.x0@0,N,transformer.1.post_attn_norm.y@0,,I,,"Batch/dp,Seq/(cp*tp),Dmodel",1,,,,
transformer.1.ffn.wgate@0,N,transformer.1._assembled_weight@0,,CUSTOM,0,2*Dff*Dmodel/tp + 4*Dmodel**2/tp,1,"Dmodel,Dff/tp",1,,
transformer.1.ffn.wdown@0,N,transformer.1._assembled_weight@0,,CUSTOM,0,2*Dff*Dmodel/tp + 4*Dmodel**2/tp,1,"Dff/tp,Dmodel",1,,
transformer.1.ffn.x00@0,N,transformer.1.ffn.x0@0,,I,,"Batch/dp,Seq/cp,Dmodel",1,,,,
transformer.1.ffn.xgate@0,N,transformer.1.ffn.x00@0,transformer.1.ffn.wgate@0,M,"bsm,mn->bsn","Batch/dp,Seq/cp,Dmodel",1,"Dmodel,Dff/tp",1.00000000000000,,
transformer.1.ffn.xdown1@0,N,transformer.1.ffn.xgate@0,transformer.1.ffn.wdown@0,M,"bsm,mn->bsn","Batch/dp,Seq/cp,Dff/tp",1,"Dff/tp,Dmodel",1.00000000000000,,
transformer.1.ffn.xdown@0,N,transformer.1.ffn.xdown1@0,,I,,"Batch/dp,Seq/(cp*tp),Dff",1,,,,
transformer.1.ffn.dxdown@0,N,transformer.1.ffn_res.dx1@0,,I,,"Batch/dp,Seq/(cp*tp),Dmodel",1,,,transformer.1.ffn.xdown@0,
transformer.1.ffn.dxdown2@0,N,transformer.1.ffn.dxdown@0,,I,,"Batch/dp,Seq/cp,Dmodel",1,,,,
transformer.1.ffn.dwdown@0,N,transformer.1.ffn.dxdown2@0,transformer.1.ffn.xgate@0,M,"bsn,bsm->mn","Batch/dp,Seq/cp,Dmodel",1,"Batch/dp,Seq/cp,Dff/tp",1.00000000000000,transformer.1.ffn.wdown@0,
transformer.1.ffn.dxgate@0,N,transformer.1.ffn.dxdown2@0,transformer.1._ffn.wdown_backward@0,M,"bsn,mn->bsm","Batch/dp,Seq/cp,Dmodel",1,"Dff/tp,Dmodel",1.00000000000000,transformer.1.ffn.xgate@0,
transformer.1.ffn.x01@0,N,transformer.1.ffn.x0@0,,I,,"Batch/dp,Seq/cp,Dmodel",1,,,,
transformer.1.ffn.dwgate@0,N,transformer.1.ffn.dxgate@0,transformer.1.ffn.x01@0,M,"bsn,bsm->mn","Batch/dp,Seq/cp,Dff/tp",1,"Batch/dp,Seq/cp,Dmodel",1.00000000000000,transformer.1.ffn.wgate@0,
transformer.1.ffn.dx000@0,N,transformer.1.ffn.dxgate@0,transformer.1._ffn.wgate_backward@0,M,"bsn,mn->bsm","Batch/dp,Seq/cp,Dff/tp",1,"Dmodel,Dff/tp",1.00000000000000,,
transformer.1.ffn.dx0@0,N,transformer.1.ffn.dx000@0,,I,,"Batch/dp,Seq/(cp*tp),Dmodel",1,,,,
transformer.1.ffn_res.x1@0,N,transformer.1.ffn.xdown@0,,I,,"Batch/dp,Seq/(cp*tp),Dmodel",1,,,,
transformer.1.ffn_res.x2@0,N,transformer.1.post_attn_norm.x@0,,I,,"Batch/dp,Seq/(cp*tp),Dmodel",1,,,,
transformer.1.ffn_res.y@0,N,transformer.1.ffn_res.x1@0,transformer.1.ffn_res.x2@0,A,,"Batch/dp,Seq/(cp*tp),Dmodel",1,"Batch/dp,Seq/(cp*tp),Dmodel",1.00000000000000,,
transformer.1.ffn_res.dy@0,N,transformer.2.input_norm.dx@0,,I,,"Batch/dp,Seq/(cp*tp),Dmodel",1,,,transformer.1.ffn_res.y@0,
transformer.1.ffn_res.dx1@0,N,transformer.1.ffn_res.dy@0,,I,,"Batch/dp,Seq/(cp*tp),Dmodel",1,,,transformer.1.ffn_res.x1@0,
transformer.1.ffn_res.dx2@0,N,transformer.1.ffn_res.dy@0,,I,,"Batch/dp,Seq/(cp*tp),Dmodel",1,,,transformer.1.ffn_res.x2@0,
transformer.1._sharded_weight@0,Y,,,T,,(2*Dff*Dmodel/tp + 4*Dmodel**2/tp)/fsdp,1,,,,
transformer.1._assembled_weight@0,N,transformer.1._sharded_weight@0,,I,,2*Dff*Dmodel/tp + 4*Dmodel**2/tp,1,,,,
transformer.1._sharded_grad@0,N,transformer.1._assembled_grad@0,,I,,(2*Dff*Dmodel/tp + 4*Dmodel**2/tp)/fsdp,1,,,transformer.1._sharded_weight@0,
transformer.1._assembled_grad@0,N,transformer.1.mha.dwqkv@0,,CUSTOM,0,"Dmodel,Dmodel/Head,3*Head/tp","Batch/dp,Seq/cp",2*Dff*Dmodel/tp + 4*Dmodel**2/tp,"Batch/dp,Seq/cp",,"{""data_deps"": [""transformer.1.mha.dwo@0"", ""transformer.1.ffn.dwgate@0"", ""transformer.1.ffn.dwdown@0""]}"
transformer.1._mha.wqkv_backward@0,N,transformer.1._assembled_weight_backward@0,,CUSTOM,0,2*Dff*Dmodel/tp + 4*Dmodel**2/tp,1,"Dmodel,Dmodel/Head,3*Head/tp",1,,
transformer.1._mha.wo_backward@0,N,transformer.1._assembled_weight_backward@0,,CUSTOM,0,2*Dff*Dmodel/tp + 4*Dmodel**2/tp,1,"Dmodel/Head,Head/tp,Dmodel",1,,
transformer.1._ffn.wgate_backward@0,N,transformer.1._assembled_weight_backward@0,,CUSTOM,0,2*Dff*Dmodel/tp + 4*Dmodel**2/tp,1,"Dmodel,Dff/tp",1,,
transformer.1._ffn.wdown_backward@0,N,transformer.1._assembled_weight_backward@0,,CUSTOM,0,2*Dff*Dmodel/tp + 4*Dmodel**2/tp,1,"Dff/tp,Dmodel",1,,
transformer.1._assembled_weight_backward@0,N,transformer.1._sharded_weight@0,,I,,2*Dff*Dmodel/tp + 4*Dmodel**2/tp,1,,,,
transformer.2.input_norm.x@0,N,transformer.1.ffn_res.y@0,,I,,"Batch/dp,Seq/(cp*tp),Dmodel",1,,,,
transformer.2.input_norm.y@0,N,transformer.2.input_norm.x@0,,E,5.0,"Batch/dp,Seq/(cp*tp),Dmodel",1,,,,
transformer.2.input_norm.dy@0,N,transformer.2.mha.dx@0,transformer.2.mha_res.dx2@0,A,,"Batch/dp,Seq/(cp*tp),Dmodel",1,"Batch/dp,Seq/(cp*tp),Dmodel",1,transformer.2.input_norm.y@0,
transformer.2.input_norm.dx@0,N,transformer.2.input_norm.dy@0,,E,5.0,"Batch/dp,Seq/(cp*tp),Dmodel",1,,,transformer.2.input_norm.x@0,
transformer.2.mha.x@0,N,transformer.2.input_norm.y@0,,I,,"Batch/dp,Seq/(cp*tp),Dmodel",1,,,,
transformer.2.mha.wqkv@0,N,transformer.2._assembled_weight@0,,CUSTOM,0,2*Dff*Dmodel/tp + 4*Dmodel**2/tp,1,"Dmodel,Dmodel/Head,3*Head/tp",1,,
transformer.2.mha.qkv@0,N,transformer.2.mha.x@0,transformer.2.mha.wqkv@0,M,"bsm,mnh->bsnh","Batch/dp,Seq/cp,Dmodel",1,"Dmodel,Dmodel/Head,3*Head/tp",1.00000000000000,,
transformer.2.mha.q@0,N,transformer.2.mha.qkv@0,,SLICE,3:Head/tp,"Batch/dp,Seq/cp,Dmodel/Head,3*Head/tp",1,,,,
transformer.2.mha.k@0,N,transformer.2.mha.qkv@0,,SLICE,3:Head/tp,"Batch/dp,Seq/cp,Dmodel/Head,3*Head/tp",1,,,,
transformer.2.mha.v@0,N,transformer.2.mha.qkv@0,,SLICE,3:Head/tp,"Batch/dp,Seq/cp,Dmodel/Head,3*Head/tp",1,,,,
transformer.2.mha.attn@0,N,transformer.2.mha.attn_kernel.qkv@0,,I,,"Batch/dp,Seq/cp,Dmodel/Head,Head/tp",1,,,,
transformer.2.mha.wo@0,N,transformer.2._assembled_weight@0,,CUSTOM,0,2*Dff*Dmodel/tp + 4*Dmodel**2/tp,1,"Dmodel/Head,Head/tp,Dmodel",1,,
transformer.2.mha.o1@0,N,transformer.2.mha.attn@0,transformer.2.mha.wo@0,M,"bsmh,mhn->bsn","Batch/dp,Seq/cp,Dmodel/Head,Head/tp",1,"Dmodel/Head,Head/tp,Dmodel",1.00000000000000,,
transformer.2.mha.o@0,N,transformer.2.mha.o1@0,,I,,"Batch/dp,Seq/(cp*tp),Dmodel",1,,,,
transformer.2.mha.do@0,N,transformer.2.mha_res.dx1@0,,I,,"Batch/dp,Seq/(cp*tp),Dmodel",1,,,transformer.2.mha.o@0,
transformer.2.mha.do1@0,N,transformer.2.mha.do@0,,I,,"Batch/dp,Seq/cp,Dmodel",1,,,transformer.2.mha.o1@0,
transformer.2.mha.dattn@0,N,transformer.2.mha.do1@0,transformer.2._mha.wo_backward@0,M,"bsn,mhn->bsmh","Batch/dp,Seq/cp,Dmodel",1,"Dmodel/Head,Head/tp,Dmodel",1.00000000000000,,
transformer.2.mha.dwo@0,N,transformer.2.mha.do1@0,transformer.2.mha.attn@0,M,"bsn,bsmh->mhn","Batch/dp,Seq/cp,Dmodel",1,"Batch/dp,Seq/cp,Dmodel/Head,Head/tp",1.00000000000000,transformer.2.mha.wo@0,
transformer.2.mha.dv@0,N,transformer.2.mha.attn_kernel.dv@0,,I,,"Batch/dp,Seq/cp,Dmodel/Head,Head/tp",1,,,transformer.2.mha.v@0,
transformer.2.mha.dk@0,N,transformer.2.mha.attn_kernel.dk@0,,I,,"Batch/dp,Seq/cp,Dmodel/Head,Head/tp",1,,,transformer.2.mha.k@0,
transformer.2.mha.dq@0,N,transformer.2.mha.attn_kernel.dq@0,,I,,"Batch/dp,Seq/cp,Dmodel/Head,Head/tp",1,,,transformer.2.mha.q@0,
transformer.2.mha.dkv@0,N,transformer.2.mha.dv@0,transformer.2.mha.dk@0,SLICE,3:2*Head/tp,"Batch/dp,Seq/cp,Dmodel/Head,Head/tp",1,"Batch/dp,Seq/cp,Dmodel/Head,Head/tp",1.00000000000000,,
transformer.2.mha.dqkv@0,N,transformer.2.mha.dkv@0,transformer.2.mha.dq@0,SLICE,3:(2*Head+Head)/tp,"Batch/dp,Seq/cp,Dmodel/Head,2*Head/tp",1,"Batch/dp,Seq/cp,Dmodel/Head,Head/tp",1.00000000000000,transformer.2.mha.qkv@0,
transformer.2.mha.dwqkv@0,N,transformer.2.mha.dqkv@0,transformer.2.mha.x@0,M,"bsnh,bsm->mnh","Batch/dp,Seq/cp,Dmodel/Head,3*Head/tp",1,"Batch/dp,Seq/cp,Dmodel",1.00000000000000,transformer.2.mha.wqkv@0,
transformer.2.mha.dx1@0,N,transformer.2.mha.dqkv@0,transformer.2._mha.wqkv_backward@0,M,"bsnh,mnh->bsm","Batch/dp,Seq/cp,Dmodel/Head,3*Head/tp",1,"Dmodel,Dmodel/Head,3*Head/tp",1.00000000000000,,
transformer.2.mha.dx@0,N,transformer.2.mha.dx1@0,,I,,"Batch/dp,Seq/(cp*tp),Dmodel",1,,,,
transformer.2.mha.attn_kernel.q@0,N,transformer.2.mha.q@0,,I,,"Batch/dp,Seq/cp,Dmodel/Head,Head/tp",1,,,,
transformer.2.mha.attn_kernel.k@0,N,transformer.2.mha.k@0,,I,,"Batch/dp,Seq/cp,Dmodel/Head,Head/tp",1,,,,
transformer.2.mha.attn_kernel.v@0,N,transformer.2.mha.v@0,,I,,"Batch/dp,Seq/cp,Dmodel/Head,Head/tp",1,,,,
transformer.2.mha.attn_kernel.k1@0,N,transformer.2.mha.attn_kernel.k@0,,I,,"Batch/dp,Seq,Dmodel/Head,Head/tp",1,,,,
transformer.2.mha.attn_kernel.v1@0,N,transformer.2.mha.attn_kernel.v@0,,I,,"Batch/dp,Seq,Dmodel/Head,Head/tp",1,,,,
transformer.2.mha.attn_kernel.qkv@0,N,transformer.2.mha.attn_kernel.q@0,,CUSTOM,Batch/dp*Seq/cp*Dmodel/Head*Head/tp*3,"Batch/dp,Seq/cp,Dmodel/Head,Head/tp",1,"Batch/dp,Seq/cp,Dmodel/Head,Head/tp",1,,"{""data_deps"": [""transformer.2.mha.attn_kernel.k1@0"", ""transformer.2.mha.attn_kernel.v1@0""]}"
transformer.2.mha.attn_kernel.dqkv@0,N,transformer.2.mha.dattn@0,,I,,"Batch/dp,Seq/cp,Dmodel/Head,Head/tp",1,,,transformer.2.mha.attn_kernel.qkv@0,
transformer.2.mha.attn_kernel.dq@0,N,transformer.2.mha.attn_kernel.dqkv@0,,CUSTOM,Batch/dp*Seq/cp*Dmodel/Head*Head/tp*6,"Batch/dp,Seq/cp,Dmodel/Head,Head/tp",1,"Batch/dp,Seq/cp,Dmodel/Head,Head/tp",1,transformer.2.mha.attn_kernel.q@0,
transformer.2.mha.attn_kernel.dk@0,N,transformer.2.mha.attn_kernel.dqkv@0,,CUSTOM,Batch/dp*Seq/cp*Dmodel/Head*Head/tp*6,"Batch/dp,Seq/cp,Dmodel/Head,Head/tp",1,"Batch/dp,Seq,Dmodel/Head,Head/tp",1/cp,,
transformer.2.mha.attn_kernel.dv@0,N,transformer.2.mha.attn_kernel.dqkv@0,,CUSTOM,Batch/dp*Seq/cp*Dmodel/Head*Head/tp*6,"Batch/dp,Seq/cp,Dmodel/Head,Head/tp",1,"Batch/dp,Seq,Dmodel/Head,Head/tp",1/cp,,
transformer.2.mha_res.x1@0,N,transformer.2.mha.o@0,,I,,"Batch/dp,Seq/(cp*tp),Dmodel",1,,,,
transformer.2.mha_res.x2@0,N,transformer.2.input_norm.x@0,,I,,"Batch/dp,Seq/(cp*tp),Dmodel",1,,,,
transformer.2.mha_res.y@0,N,transformer.2.mha_res.x1@0,transformer.2.mha_res.x2@0,A,,"Batch/dp,Seq/(cp*tp),Dmodel",1,"Batch/dp,Seq/(cp*tp),Dmodel",1.00000000000000,,
transformer.2.mha_res.dy@0,N,transformer.2.post_attn_norm.dx@0,,I,,"Batch/dp,Seq/(cp*tp),Dmodel",1,,,transformer.2.mha_res.y@0,
transformer.2.mha_res.dx1@0,N,transformer.2.mha_res.dy@0,,I,,"Batch/dp,Seq/(cp*tp),Dmodel",1,,,transformer.2.mha_res.x1@0,
transformer.2.mha_res.dx2@0,N,transformer.2.mha_res.dy@0,,I,,"Batch/dp,Seq/(cp*tp),Dmodel",1,,,transformer.2.mha_res.x2@0,
transformer.2.post_attn_norm.x@0,N,transformer.2.mha_res.y@0,,I,,"Batch/dp,Seq/(cp*tp),Dmodel",1,,,,
transformer.2.post_attn_norm.y@0,N,transformer.2.post_attn_norm.x@0,,E,5.0,"Batch/dp,Seq/(cp*tp),Dmodel",1,,,,
transformer.2.post_attn_norm.dy@0,N,transformer.2.ffn.dx0@0,transformer.2.ffn_res.dx2@0,A,,"Batch/dp,Seq/(cp*tp),Dmodel",1,"Batch/dp,Seq/(cp*tp),Dmodel",1,transformer.2.post_attn_norm.y@0,
transformer.2.post_attn_norm.dx@0,N,transformer.2.post_attn_norm.dy@0,,E,5.0,"Batch/dp,Seq/(cp*tp),Dmodel",1,,,transformer.2.post_attn_norm.x@0,
transformer.2.ffn.x0@0,N,transformer.2.post_attn_norm.y@0,,I,,"Batch/dp,Seq/(cp*tp),Dmodel",1,,,,
transformer.2.ffn.wgate@0,N,transformer.2._assembled_weight@0,,CUSTOM,0,2*Dff*Dmodel/tp + 4*Dmodel**2/tp,1,"Dmodel,Dff/tp",1,,
transformer.2.ffn.wdown@0,N,transformer.2._assembled_weight@0,,CUSTOM,0,2*Dff*Dmodel/tp + 4*Dmodel**2/tp,1,"Dff/tp,Dmodel",1,,
transformer.2.ffn.x00@0,N,transformer.2.ffn.x0@0,,I,,"Batch/dp,Seq/cp,Dmodel",1,,,,
transformer.2.ffn.xgate@0,N,transformer.2.ffn.x00@0,transformer.2.ffn.wgate@0,M,"bsm,mn->bsn","Batch/dp,Seq/cp,Dmodel",1,"Dmodel,Dff/tp",1.00000000000000,,
transformer.2.ffn.xdown1@0,N,transformer.2.ffn.xgate@0,transformer.2.ffn.wdown@0,M,"bsm,mn->bsn","Batch/dp,Seq/cp,Dff/tp",1,"Dff/tp,Dmodel",1.00000000000000,,
transformer.2.ffn.xdown@0,N,transformer.2.ffn.xdown1@0,,I,,"Batch/dp,Seq/(cp*tp),Dff",1,,,,
transformer.2.ffn.dxdown@0,N,transformer.2.ffn_res.dx1@0,,I,,"Batch/dp,Seq/(cp*tp),Dmodel",1,,,transformer.2.ffn.xdown@0,
transformer.2.ffn.dxdown2@0,N,transformer.2.ffn.dxdown@0,,I,,"Batch/dp,Seq/cp,Dmodel",1,,,,
transformer.2.ffn.dwdown@0,N,transformer.2.ffn.dxdown2@0,transformer.2.ffn.xgate@0,M,"bsn,bsm->mn","Batch/dp,Seq/cp,Dmodel",1,"Batch/dp,Seq/cp,Dff/tp",1.00000000000000,transformer.2.ffn.wdown@0,
transformer.2.ffn.dxgate@0,N,transformer.2.ffn.dxdown2@0,transformer.2._ffn.wdown_backward@0,M,"bsn,mn->bsm","Batch/dp,Seq/cp,Dmodel",1,"Dff/tp,Dmodel",1.00000000000000,transformer.2.ffn.xgate@0,
transformer.2.ffn.x01@0,N,transformer.2.ffn.x0@0,,I,,"Batch/dp,Seq/cp,Dmodel",1,,,,
transformer.2.ffn.dwgate@0,N,transformer.2.ffn.dxgate@0,transformer.2.ffn.x01@0,M,"bsn,bsm->mn","Batch/dp,Seq/cp,Dff/tp",1,"Batch/dp,Seq/cp,Dmodel",1.00000000000000,transformer.2.ffn.wgate@0,
transformer.2.ffn.dx000@0,N,transformer.2.ffn.dxgate@0,transformer.2._ffn.wgate_backward@0,M,"bsn,mn->bsm","Batch/dp,Seq/cp,Dff/tp",1,"Dmodel,Dff/tp",1.00000000000000,,
transformer.2.ffn.dx0@0,N,transformer.2.ffn.dx000@0,,I,,"Batch/dp,Seq/(cp*tp),Dmodel",1,,,,
transformer.2.ffn_res.x1@0,N,transformer.2.ffn.xdown@0,,I,,"Batch/dp,Seq/(cp*tp),Dmodel",1,,,,
transformer.2.ffn_res.x2@0,N,transformer.2.post_attn_norm.x@0,,I,,"Batch/dp,Seq/(cp*tp),Dmodel",1,,,,
transformer.2.ffn_res.y@0,N,transformer.2.ffn_res.x1@0,transformer.2.ffn_res.x2@0,A,,"Batch/dp,Seq/(cp*tp),Dmodel",1,"Batch/dp,Seq/(cp*tp),Dmodel",1.00000000000000,,
transformer.2.ffn_res.dy@0,N,transformer.3.input_norm.dx@0,,I,,"Batch/dp,Seq/(cp*tp),Dmodel",1,,,transformer.2.ffn_res.y@0,
transformer.2.ffn_res.dx1@0,N,transformer.2.ffn_res.dy@0,,I,,"Batch/dp,Seq/(cp*tp),Dmodel",1,,,transformer.2.ffn_res.x1@0,
transformer.2.ffn_res.dx2@0,N,transformer.2.ffn_res.dy@0,,I,,"Batch/dp,Seq/(cp*tp),Dmodel",1,,,transformer.2.ffn_res.x2@0,
transformer.2._sharded_weight@0,Y,,,T,,(2*Dff*Dmodel/tp + 4*Dmodel**2/tp)/fsdp,1,,,,
transformer.2._assembled_weight@0,N,transformer.2._sharded_weight@0,,I,,2*Dff*Dmodel/tp + 4*Dmodel**2/tp,1,,,,
transformer.2._sharded_grad@0,N,transformer.2._assembled_grad@0,,I,,(2*Dff*Dmodel/tp + 4*Dmodel**2/tp)/fsdp,1,,,transformer.2._sharded_weight@0,
transformer.2._assembled_grad@0,N,transformer.2.mha.dwqkv@0,,CUSTOM,0,"Dmodel,Dmodel/Head,3*Head/tp","Batch/dp,Seq/cp",2*Dff*Dmodel/tp + 4*Dmodel**2/tp,"Batch/dp,Seq/cp",,"{""data_deps"": [""transformer.2.mha.dwo@0"", ""transformer.2.ffn.dwgate@0"", ""transformer.2.ffn.dwdown@0""]}"
transformer.2._mha.wqkv_backward@0,N,transformer.2._assembled_weight_backward@0,,CUSTOM,0,2*Dff*Dmodel/tp + 4*Dmodel**2/tp,1,"Dmodel,Dmodel/Head,3*Head/tp",1,,
transformer.2._mha.wo_backward@0,N,transformer.2._assembled_weight_backward@0,,CUSTOM,0,2*Dff*Dmodel/tp + 4*Dmodel**2/tp,1,"Dmodel/Head,Head/tp,Dmodel",1,,
transformer.2._ffn.wgate_backward@0,N,transformer.2._assembled_weight_backward@0,,CUSTOM,0,2*Dff*Dmodel/tp + 4*Dmodel**2/tp,1,"Dmodel,Dff/tp",1,,
transformer.2._ffn.wdown_backward@0,N,transformer.2._assembled_weight_backward@0,,CUSTOM,0,2*Dff*Dmodel/tp + 4*Dmodel**2/tp,1,"Dff/tp,Dmodel",1,,
transformer.2._assembled_weight_backward@0,N,transformer.2._sharded_weight@0,,I,,2*Dff*Dmodel/tp + 4*Dmodel**2/tp,1,,,,
transformer.3.input_norm.x@0,N,transformer.2.ffn_res.y@0,,I,,"Batch/dp,Seq/(cp*tp),Dmodel",1,,,,
transformer.3.input_norm.y@0,N,transformer.3.input_norm.x@0,,E,5.0,"Batch/dp,Seq/(cp*tp),Dmodel",1,,,,
transformer.3.input_norm.dy@0,N,transformer.3.mha.dx@0,transformer.3.mha_res.dx2@0,A,,"Batch/dp,Seq/(cp*tp),Dmodel",1,"Batch/dp,Seq/(cp*tp),Dmodel",1,transformer.3.input_norm.y@0,
transformer.3.input_norm.dx@0,N,transformer.3.input_norm.dy@0,,E,5.0,"Batch/dp,Seq/(cp*tp),Dmodel",1,,,transformer.3.input_norm.x@0,
transformer.3.mha.x@0,N,transformer.3.input_norm.y@0,,I,,"Batch/dp,Seq/(cp*tp),Dmodel",1,,,,
transformer.3.mha.wqkv@0,N,transformer.3._assembled_weight@0,,CUSTOM,0,2*Dff*Dmodel/tp + 4*Dmodel**2/tp,1,"Dmodel,Dmodel/Head,3*Head/tp",1,,
transformer.3.mha.qkv@0,N,transformer.3.mha.x@0,transformer.3.mha.wqkv@0,M,"bsm,mnh->bsnh","Batch/dp,Seq/cp,Dmodel",1,"Dmodel,Dmodel/Head,3*Head/tp",1.00000000000000,,
transformer.3.mha.q@0,N,transformer.3.mha.qkv@0,,SLICE,3:Head/tp,"Batch/dp,Seq/cp,Dmodel/Head,3*Head/tp",1,,,,
transformer.3.mha.k@0,N,transformer.3.mha.qkv@0,,SLICE,3:Head/tp,"Batch/dp,Seq/cp,Dmodel/Head,3*Head/tp",1,,,,
transformer.3.mha.v@0,N,transformer.3.mha.qkv@0,,SLICE,3:Head/tp,"Batch/dp,Seq/cp,Dmodel/Head,3*Head/tp",1,,,,
transformer.3.mha.attn@0,N,transformer.3.mha.attn_kernel.qkv@0,,I,,"Batch/dp,Seq/cp,Dmodel/Head,Head/tp",1,,,,
transformer.3.mha.wo@0,N,transformer.3._assembled_weight@0,,CUSTOM,0,2*Dff*Dmodel/tp + 4*Dmodel**2/tp,1,"Dmodel/Head,Head/tp,Dmodel",1,,
transformer.3.mha.o1@0,N,transformer.3.mha.attn@0,transformer.3.mha.wo@0,M,"bsmh,mhn->bsn","Batch/dp,Seq/cp,Dmodel/Head,Head/tp",1,"Dmodel/Head,Head/tp,Dmodel",1.00000000000000,,
transformer.3.mha.o@0,N,transformer.3.mha.o1@0,,I,,"Batch/dp,Seq/(cp*tp),Dmodel",1,,,,
transformer.3.mha.do@0,N,transformer.3.mha_res.dx1@0,,I,,"Batch/dp,Seq/(cp*tp),Dmodel",1,,,transformer.3.mha.o@0,
transformer.3.mha.do1@0,N,transformer.3.mha.do@0,,I,,"Batch/dp,Seq/cp,Dmodel",1,,,transformer.3.mha.o1@0,
transformer.3.mha.dattn@0,N,transformer.3.mha.do1@0,transformer.3._mha.wo_backward@0,M,"bsn,mhn->bsmh","Batch/dp,Seq/cp,Dmodel",1,"Dmodel/Head,Head/tp,Dmodel",1.00000000000000,,
transformer.3.mha.dwo@0,N,transformer.3.mha.do1@0,transformer.3.mha.attn@0,M,"bsn,bsmh->mhn","Batch/dp,Seq/cp,Dmodel",1,"Batch/dp,Seq/cp,Dmodel/Head,Head/tp",1.00000000000000,transformer.3.mha.wo@0,
transformer.3.mha.dv@0,N,transformer.3.mha.attn_kernel.dv@0,,I,,"Batch/dp,Seq/cp,Dmodel/Head,Head/tp",1,,,transformer.3.mha.v@0,
transformer.3.mha.dk@0,N,transformer.3.mha.attn_kernel.dk@0,,I,,"Batch/dp,Seq/cp,Dmodel/Head,Head/tp",1,,,transformer.3.mha.k@0,
transformer.3.mha.dq@0,N,transformer.3.mha.attn_kernel.dq@0,,I,,"Batch/dp,Seq/cp,Dmodel/Head,Head/tp",1,,,transformer.3.mha.q@0,
transformer.3.mha.dkv@0,N,transformer.3.mha.dv@0,transformer.3.mha.dk@0,SLICE,3:2*Head/tp,"Batch/dp,Seq/cp,Dmodel/Head,Head/tp",1,"Batch/dp,Seq/cp,Dmodel/Head,Head/tp",1.00000000000000,,
transformer.3.mha.dqkv@0,N,transformer.3.mha.dkv@0,transformer.3.mha.dq@0,SLICE,3:(2*Head+Head)/tp,"Batch/dp,Seq/cp,Dmodel/Head,2*Head/tp",1,"Batch/dp,Seq/cp,Dmodel/Head,Head/tp",1.00000000000000,transformer.3.mha.qkv@0,
transformer.3.mha.dwqkv@0,N,transformer.3.mha.dqkv@0,transformer.3.mha.x@0,M,"bsnh,bsm->mnh","Batch/dp,Seq/cp,Dmodel/Head,3*Head/tp",1,"Batch/dp,Seq/cp,Dmodel",1.00000000000000,transformer.3.mha.wqkv@0,
transformer.3.mha.dx1@0,N,transformer.3.mha.dqkv@0,transformer.3._mha.wqkv_backward@0,M,"bsnh,mnh->bsm","Batch/dp,Seq/cp,Dmodel/Head,3*Head/tp",1,"Dmodel,Dmodel/Head,3*Head/tp",1.00000000000000,,
transformer.3.mha.dx@0,N,transformer.3.mha.dx1@0,,I,,"Batch/dp,Seq/(cp*tp),Dmodel",1,,,,
transformer.3.mha.attn_kernel.q@0,N,transformer.3.mha.q@0,,I,,"Batch/dp,Seq/cp,Dmodel/Head,Head/tp",1,,,,
transformer.3.mha.attn_kernel.k@0,N,transformer.3.mha.k@0,,I,,"Batch/dp,Seq/cp,Dmodel/Head,Head/tp",1,,,,
transformer.3.mha.attn_kernel.v@0,N,transformer.3.mha.v@0,,I,,"Batch/dp,Seq/cp,Dmodel/Head,Head/tp",1,,,,
transformer.3.mha.attn_kernel.k1@0,N,transformer.3.mha.attn_kernel.k@0,,I,,"Batch/dp,Seq,Dmodel/Head,Head/tp",1,,,,
transformer.3.mha.attn_kernel.v1@0,N,transformer.3.mha.attn_kernel.v@0,,I,,"Batch/dp,Seq,Dmodel/Head,Head/tp",1,,,,
transformer.3.mha.attn_kernel.qkv@0,N,transformer.3.mha.attn_kernel.q@0,,CUSTOM,Batch/dp*Seq/cp*Dmodel/Head*Head/tp*3,"Batch/dp,Seq/cp,Dmodel/Head,Head/tp",1,"Batch/dp,Seq/cp,Dmodel/Head,Head/tp",1,,"{""data_deps"": [""transformer.3.mha.attn_kernel.k1@0"", ""transformer.3.mha.attn_kernel.v1@0""]}"
transformer.3.mha.attn_kernel.dqkv@0,N,transformer.3.mha.dattn@0,,I,,"Batch/dp,Seq/cp,Dmodel/Head,Head/tp",1,,,transformer.3.mha.attn_kernel.qkv@0,
transformer.3.mha.attn_kernel.dq@0,N,transformer.3.mha.attn_kernel.dqkv@0,,CUSTOM,Batch/dp*Seq/cp*Dmodel/Head*Head/tp*6,"Batch/dp,Seq/cp,Dmodel/Head,Head/tp",1,"Batch/dp,Seq/cp,Dmodel/Head,Head/tp",1,transformer.3.mha.attn_kernel.q@0,
transformer.3.mha.attn_kernel.dk@0,N,transformer.3.mha.attn_kernel.dqkv@0,,CUSTOM,Batch/dp*Seq/cp*Dmodel/Head*Head/tp*6,"Batch/dp,Seq/cp,Dmodel/Head,Head/tp",1,"Batch/dp,Seq,Dmodel/Head,Head/tp",1/cp,,
transformer.3.mha.attn_kernel.dv@0,N,transformer.3.mha.attn_kernel.dqkv@0,,CUSTOM,Batch/dp*Seq/cp*Dmodel/Head*Head/tp*6,"Batch/dp,Seq/cp,Dmodel/Head,Head/tp",1,"Batch/dp,Seq,Dmodel/Head,Head/tp",1/cp,,
transformer.3.mha_res.x1@0,N,transformer.3.mha.o@0,,I,,"Batch/dp,Seq/(cp*tp),Dmodel",1,,,,
transformer.3.mha_res.x2@0,N,transformer.3.input_norm.x@0,,I,,"Batch/dp,Seq/(cp*tp),Dmodel",1,,,,
transformer.3.mha_res.y@0,N,transformer.3.mha_res.x1@0,transformer.3.mha_res.x2@0,A,,"Batch/dp,Seq/(cp*tp),Dmodel",1,"Batch/dp,Seq/(cp*tp),Dmodel",1.00000000000000,,
transformer.3.mha_res.dy@0,N,transformer.3.post_attn_norm.dx@0,,I,,"Batch/dp,Seq/(cp*tp),Dmodel",1,,,transformer.3.mha_res.y@0,
transformer.3.mha_res.dx1@0,N,transformer.3.mha_res.dy@0,,I,,"Batch/dp,Seq/(cp*tp),Dmodel",1,,,transformer.3.mha_res.x1@0,
transformer.3.mha_res.dx2@0,N,transformer.3.mha_res.dy@0,,I,,"Batch/dp,Seq/(cp*tp),Dmodel",1,,,transformer.3.mha_res.x2@0,
transformer.3.post_attn_norm.x@0,N,transformer.3.mha_res.y@0,,I,,"Batch/dp,Seq/(cp*tp),Dmodel",1,,,,
transformer.3.post_attn_norm.y@0,N,transformer.3.post_attn_norm.x@0,,E,5.0,"Batch/dp,Seq/(cp*tp),Dmodel",1,,,,
transformer.3.post_attn_norm.dy@0,N,transformer.3.ffn.dx0@0,transformer.3.ffn_res.dx2@0,A,,"Batch/dp,Seq/(cp*tp),Dmodel",1,"Batch/dp,Seq/(cp*tp),Dmodel",1,transformer.3.post_attn_norm.y@0,
transformer.3.post_attn_norm.dx@0,N,transformer.3.post_attn_norm.dy@0,,E,5.0,"Batch/dp,Seq/(cp*tp),Dmodel",1,,,transformer.3.post_attn_norm.x@0,
transformer.3.ffn.x0@0,N,transformer.3.post_attn_norm.y@0,,I,,"Batch/dp,Seq/(cp*tp),Dmodel",1,,,,
transformer.3.ffn.wgate@0,N,transformer.3._assembled_weight@0,,CUSTOM,0,2*Dff*Dmodel/tp + 4*Dmodel**2/tp,1,"Dmodel,Dff/tp",1,,
transformer.3.ffn.wdown@0,N,transformer.3._assembled_weight@0,,CUSTOM,0,2*Dff*Dmodel/tp + 4*Dmodel**2/tp,1,"Dff/tp,Dmodel",1,,
transformer.3.ffn.x00@0,N,transformer.3.ffn.x0@0,,I,,"Batch/dp,Seq/cp,Dmodel",1,,,,
transformer.3.ffn.xgate@0,N,transformer.3.ffn.x00@0,transformer.3.ffn.wgate@0,M,"bsm,mn->bsn","Batch/dp,Seq/cp,Dmodel",1,"Dmodel,Dff/tp",1.00000000000000,,
transformer.3.ffn.xdown1@0,N,transformer.3.ffn.xgate@0,transformer.3.ffn.wdown@0,M,"bsm,mn->bsn","Batch/dp,Seq/cp,Dff/tp",1,"Dff/tp,Dmodel",1.00000000000000,,
transformer.3.ffn.xdown@0,N,transformer.3.ffn.xdown1@0,,I,,"Batch/dp,Seq/(cp*tp),Dff",1,,,,
transformer.3.ffn.dxdown@0,N,transformer.3.ffn_res.dx1@0,,I,,"Batch/dp,Seq/(cp*tp),Dmodel",1,,,transformer.3.ffn.xdown@0,
transformer.3.ffn.dxdown2@0,N,transformer.3.ffn.dxdown@0,,I,,"Batch/dp,Seq/cp,Dmodel",1,,,,
transformer.3.ffn.dwdown@0,N,transformer.3.ffn.dxdown2@0,transformer.3.ffn.xgate@0,M,"bsn,bsm->mn","Batch/dp,Seq/cp,Dmodel",1,"Batch/dp,Seq/cp,Dff/tp",1.00000000000000,transformer.3.ffn.wdown@0,
transformer.3.ffn.dxgate@0,N,transformer.3.ffn.dxdown2@0,transformer.3._ffn.wdown_backward@0,M,"bsn,mn->bsm","Batch/dp,Seq/cp,Dmodel",1,"Dff/tp,Dmodel",1.00000000000000,transformer.3.ffn.xgate@0,
transformer.3.ffn.x01@0,N,transformer.3.ffn.x0@0,,I,,"Batch/dp,Seq/cp,Dmodel",1,,,,
transformer.3.ffn.dwgate@0,N,transformer.3.ffn.dxgate@0,transformer.3.ffn.x01@0,M,"bsn,bsm->mn","Batch/dp,Seq/cp,Dff/tp",1,"Batch/dp,Seq/cp,Dmodel",1.00000000000000,transformer.3.ffn.wgate@0,
transformer.3.ffn.dx000@0,N,transformer.3.ffn.dxgate@0,transformer.3._ffn.wgate_backward@0,M,"bsn,mn->bsm","Batch/dp,Seq/cp,Dff/tp",1,"Dmodel,Dff/tp",1.00000000000000,,
transformer.3.ffn.dx0@0,N,transformer.3.ffn.dx000@0,,I,,"Batch/dp,Seq/(cp*tp),Dmodel",1,,,,
transformer.3.ffn_res.x1@0,N,transformer.3.ffn.xdown@0,,I,,"Batch/dp,Seq/(cp*tp),Dmodel",1,,,,
transformer.3.ffn_res.x2@0,N,transformer.3.post_attn_norm.x@0,,I,,"Batch/dp,Seq/(cp*tp),Dmodel",1,,,,
transformer.3.ffn_res.y@0,N,transformer.3.ffn_res.x1@0,transformer.3.ffn_res.x2@0,A,,"Batch/dp,Seq/(cp*tp),Dmodel",1,"Batch/dp,Seq/(cp*tp),Dmodel",1.00000000000000,,
transformer.3.ffn_res.dy@0,N,transformer.4.input_norm.dx@0,,I,,"Batch/dp,Seq/(cp*tp),Dmodel",1,,,transformer.3.ffn_res.y@0,
transformer.3.ffn_res.dx1@0,N,transformer.3.ffn_res.dy@0,,I,,"Batch/dp,Seq/(cp*tp),Dmodel",1,,,transformer.3.ffn_res.x1@0,
transformer.3.ffn_res.dx2@0,N,transformer.3.ffn_res.dy@0,,I,,"Batch/dp,Seq/(cp*tp),Dmodel",1,,,transformer.3.ffn_res.x2@0,
transformer.3._sharded_weight@0,Y,,,T,,(2*Dff*Dmodel/tp + 4*Dmodel**2/tp)/fsdp,1,,,,
transformer.3._assembled_weight@0,N,transformer.3._sharded_weight@0,,I,,2*Dff*Dmodel/tp + 4*Dmodel**2/tp,1,,,,
transformer.3._sharded_grad@0,N,transformer.3._assembled_grad@0,,I,,(2*Dff*Dmodel/tp + 4*Dmodel**2/tp)/fsdp,1,,,transformer.3._sharded_weight@0,
transformer.3._assembled_grad@0,N,transformer.3.mha.dwqkv@0,,CUSTOM,0,"Dmodel,Dmodel/Head,3*Head/tp","Batch/dp,Seq/cp",2*Dff*Dmodel/tp + 4*Dmodel**2/tp,"Batch/dp,Seq/cp",,"{""data_deps"": [""transformer.3.mha.dwo@0"", ""transformer.3.ffn.dwgate@0"", ""transformer.3.ffn.dwdown@0""]}"
transformer.3._mha.wqkv_backward@0,N,transformer.3._assembled_weight_backward@0,,CUSTOM,0,2*Dff*Dmodel/tp + 4*Dmodel**2/tp,1,"Dmodel,Dmodel/Head,3*Head/tp",1,,
transformer.3._mha.wo_backward@0,N,transformer.3._assembled_weight_backward@0,,CUSTOM,0,2*Dff*Dmodel/tp + 4*Dmodel**2/tp,1,"Dmodel/Head,Head/tp,Dmodel",1,,
transformer.3._ffn.wgate_backward@0,N,transformer.3._assembled_weight_backward@0,,CUSTOM,0,2*Dff*Dmodel/tp + 4*Dmodel**2/tp,1,"Dmodel,Dff/tp",1,,
transformer.3._ffn.wdown_backward@0,N,transformer.3._assembled_weight_backward@0,,CUSTOM,0,2*Dff*Dmodel/tp + 4*Dmodel**2/tp,1,"Dff/tp,Dmodel",1,,
transformer.3._assembled_weight_backward@0,N,transformer.3._sharded_weight@0,,I,,2*Dff*Dmodel/tp + 4*Dmodel**2/tp,1,,,,
transformer.4.input_norm.x@0,N,transformer.3.ffn_res.y@0,,I,,"Batch/dp,Seq/(cp*tp),Dmodel",1,,,,
transformer.4.input_norm.y@0,N,transformer.4.input_norm.x@0,,E,5.0,"Batch/dp,Seq/(cp*tp),Dmodel",1,,,,
transformer.4.input_norm.dy@0,N,transformer.4.mha.dx@0,transformer.4.mha_res.dx2@0,A,,"Batch/dp,Seq/(cp*tp),Dmodel",1,"Batch/dp,Seq/(cp*tp),Dmodel",1,transformer.4.input_norm.y@0,
transformer.4.input_norm.dx@0,N,transformer.4.input_norm.dy@0,,E,5.0,"Batch/dp,Seq/(cp*tp),Dmodel",1,,,transformer.4.input_norm.x@0,
transformer.4.mha.x@0,N,transformer.4.input_norm.y@0,,I,,"Batch/dp,Seq/(cp*tp),Dmodel",1,,,,
transformer.4.mha.wqkv@0,N,transformer.4._assembled_weight@0,,CUSTOM,0,2*Dff*Dmodel/tp + 4*Dmodel**2/tp,1,"Dmodel,Dmodel/Head,3*Head/tp",1,,
transformer.4.mha.qkv@0,N,transformer.4.mha.x@0,transformer.4.mha.wqkv@0,M,"bsm,mnh->bsnh","Batch/dp,Seq/cp,Dmodel",1,"Dmodel,Dmodel/Head,3*Head/tp",1.00000000000000,,
transformer.4.mha.q@0,N,transformer.4.mha.qkv@0,,SLICE,3:Head/tp,"Batch/dp,Seq/cp,Dmodel/Head,3*Head/tp",1,,,,
transformer.4.mha.k@0,N,transformer.4.mha.qkv@0,,SLICE,3:Head/tp,"Batch/dp,Seq/cp,Dmodel/Head,3*Head/tp",1,,,,
transformer.4.mha.v@0,N,transformer.4.mha.qkv@0,,SLICE,3:Head/tp,"Batch/dp,Seq/cp,Dmodel/Head,3*Head/tp",1,,,,
transformer.4.mha.attn@0,N,transformer.4.mha.attn_kernel.qkv@0,,I,,"Batch/dp,Seq/cp,Dmodel/Head,Head/tp",1,,,,
transformer.4.mha.wo@0,N,transformer.4._assembled_weight@0,,CUSTOM,0,2*Dff*Dmodel/tp + 4*Dmodel**2/tp,1,"Dmodel/Head,Head/tp,Dmodel",1,,
transformer.4.mha.o1@0,N,transformer.4.mha.attn@0,transformer.4.mha.wo@0,M,"bsmh,mhn->bsn","Batch/dp,Seq/cp,Dmodel/Head,Head/tp",1,"Dmodel/Head,Head/tp,Dmodel",1.00000000000000,,
transformer.4.mha.o@0,N,transformer.4.mha.o1@0,,I,,"Batch/dp,Seq/(cp*tp),Dmodel",1,,,,
transformer.4.mha.do@0,N,transformer.4.mha_res.dx1@0,,I,,"Batch/dp,Seq/(cp*tp),Dmodel",1,,,transformer.4.mha.o@0,
transformer.4.mha.do1@0,N,transformer.4.mha.do@0,,I,,"Batch/dp,Seq/cp,Dmodel",1,,,transformer.4.mha.o1@0,
transformer.4.mha.dattn@0,N,transformer.4.mha.do1@0,transformer.4._mha.wo_backward@0,M,"bsn,mhn->bsmh","Batch/dp,Seq/cp,Dmodel",1,"Dmodel/Head,Head/tp,Dmodel",1.00000000000000,,
transformer.4.mha.dwo@0,N,transformer.4.mha.do1@0,transformer.4.mha.attn@0,M,"bsn,bsmh->mhn","Batch/dp,Seq/cp,Dmodel",1,"Batch/dp,Seq/cp,Dmodel/Head,Head/tp",1.00000000000000,transformer.4.mha.wo@0,
transformer.4.mha.dv@0,N,transformer.4.mha.attn_kernel.dv@0,,I,,"Batch/dp,Seq/cp,Dmodel/Head,Head/tp",1,,,transformer.4.mha.v@0,
transformer.4.mha.dk@0,N,transformer.4.mha.attn_kernel.dk@0,,I,,"Batch/dp,Seq/cp,Dmodel/Head,Head/tp",1,,,transformer.4.mha.k@0,
transformer.4.mha.dq@0,N,transformer.4.mha.attn_kernel.dq@0,,I,,"Batch/dp,Seq/cp,Dmodel/Head,Head/tp",1,,,transformer.4.mha.q@0,
transformer.4.mha.dkv@0,N,transformer.4.mha.dv@0,transformer.4.mha.dk@0,SLICE,3:2*Head/tp,"Batch/dp,Seq/cp,Dmodel/Head,Head/tp",1,"Batch/dp,Seq/cp,Dmodel/Head,Head/tp",1.00000000000000,,
transformer.4.mha.dqkv@0,N,transformer.4.mha.dkv@0,transformer.4.mha.dq@0,SLICE,3:(2*Head+Head)/tp,"Batch/dp,Seq/cp,Dmodel/Head,2*Head/tp",1,"Batch/dp,Seq/cp,Dmodel/Head,Head/tp",1.00000000000000,transformer.4.mha.qkv@0,
transformer.4.mha.dwqkv@0,N,transformer.4.mha.dqkv@0,transformer.4.mha.x@0,M,"bsnh,bsm->mnh","Batch/dp,Seq/cp,Dmodel/Head,3*Head/tp",1,"Batch/dp,Seq/cp,Dmodel",1.00000000000000,transformer.4.mha.wqkv@0,
transformer.4.mha.dx1@0,N,transformer.4.mha.dqkv@0,transformer.4._mha.wqkv_backward@0,M,"bsnh,mnh->bsm","Batch/dp,Seq/cp,Dmodel/Head,3*Head/tp",1,"Dmodel,Dmodel/Head,3*Head/tp",1.00000000000000,,
transformer.4.mha.dx@0,N,transformer.4.mha.dx1@0,,I,,"Batch/dp,Seq/(cp*tp),Dmodel",1,,,,
transformer.4.mha.attn_kernel.q@0,N,transformer.4.mha.q@0,,I,,"Batch/dp,Seq/cp,Dmodel/Head,Head/tp",1,,,,
transformer.4.mha.attn_kernel.k@0,N,transformer.4.mha.k@0,,I,,"Batch/dp,Seq/cp,Dmodel/Head,Head/tp",1,,,,
transformer.4.mha.attn_kernel.v@0,N,transformer.4.mha.v@0,,I,,"Batch/dp,Seq/cp,Dmodel/Head,Head/tp",1,,,,
transformer.4.mha.attn_kernel.k1@0,N,transformer.4.mha.attn_kernel.k@0,,I,,"Batch/dp,Seq,Dmodel/Head,Head/tp",1,,,,
transformer.4.mha.attn_kernel.v1@0,N,transformer.4.mha.attn_kernel.v@0,,I,,"Batch/dp,Seq,Dmodel/Head,Head/tp",1,,,,
transformer.4.mha.attn_kernel.qkv@0,N,transformer.4.mha.attn_kernel.q@0,,CUSTOM,Batch/dp*Seq/cp*Dmodel/Head*Head/tp*3,"Batch/dp,Seq/cp,Dmodel/Head,Head/tp",1,"Batch/dp,Seq/cp,Dmodel/Head,Head/tp",1,,"{""data_deps"": [""transformer.4.mha.attn_kernel.k1@0"", ""transformer.4.mha.attn_kernel.v1@0""]}"
transformer.4.mha.attn_kernel.dqkv@0,N,transformer.4.mha.dattn@0,,I,,"Batch/dp,Seq/cp,Dmodel/Head,Head/tp",1,,,transformer.4.mha.attn_kernel.qkv@0,
transformer.4.mha.attn_kernel.dq@0,N,transformer.4.mha.attn_kernel.dqkv@0,,CUSTOM,Batch/dp*Seq/cp*Dmodel/Head*Head/tp*6,"Batch/dp,Seq/cp,Dmodel/Head,Head/tp",1,"Batch/dp,Seq/cp,Dmodel/Head,Head/tp",1,transformer.4.mha.attn_kernel.q@0,
transformer.4.mha.attn_kernel.dk@0,N,transformer.4.mha.attn_kernel.dqkv@0,,CUSTOM,Batch/dp*Seq/cp*Dmodel/Head*Head/tp*6,"Batch/dp,Seq/cp,Dmodel/Head,Head/tp",1,"Batch/dp,Seq,Dmodel/Head,Head/tp",1/cp,,
transformer.4.mha.attn_kernel.dv@0,N,transformer.4.mha.attn_kernel.dqkv@0,,CUSTOM,Batch/dp*Seq/cp*Dmodel/Head*Head/tp*6,"Batch/dp,Seq/cp,Dmodel/Head,Head/tp",1,"Batch/dp,Seq,Dmodel/Head,Head/tp",1/cp,,
transformer.4.mha_res.x1@0,N,transformer.4.mha.o@0,,I,,"Batch/dp,Seq/(cp*tp),Dmodel",1,,,,
transformer.4.mha_res.x2@0,N,transformer.4.input_norm.x@0,,I,,"Batch/dp,Seq/(cp*tp),Dmodel",1,,,,
transformer.4.mha_res.y@0,N,transformer.4.mha_res.x1@0,transformer.4.mha_res.x2@0,A,,"Batch/dp,Seq/(cp*tp),Dmodel",1,"Batch/dp,Seq/(cp*tp),Dmodel",1.00000000000000,,
transformer.4.mha_res.dy@0,N,transformer.4.post_attn_norm.dx@0,,I,,"Batch/dp,Seq/(cp*tp),Dmodel",1,,,transformer.4.mha_res.y@0,
transformer.4.mha_res.dx1@0,N,transformer.4.mha_res.dy@0,,I,,"Batch/dp,Seq/(cp*tp),Dmodel",1,,,transformer.4.mha_res.x1@0,
transformer.4.mha_res.dx2@0,N,transformer.4.mha_res.dy@0,,I,,"Batch/dp,Seq/(cp*tp),Dmodel",1,,,transformer.4.mha_res.x2@0,
transformer.4.post_attn_norm.x@0,N,transformer.4.mha_res.y@0,,I,,"Batch/dp,Seq/(cp*tp),Dmodel",1,,,,
transformer.4.post_attn_norm.y@0,N,transformer.4.post_attn_norm.x@0,,E,5.0,"Batch/dp,Seq/(cp*tp),Dmodel",1,,,,
transformer.4.post_attn_norm.dy@0,N,transformer.4.ffn.dx0@0,transformer.4.ffn_res.dx2@0,A,,"Batch/dp,Seq/(cp*tp),Dmodel",1,"Batch/dp,Seq/(cp*tp),Dmodel",1,transformer.4.post_attn_norm.y@0,
transformer.4.post_attn_norm.dx@0,N,transformer.4.post_attn_norm.dy@0,,E,5.0,"Batch/dp,Seq/(cp*tp),Dmodel",1,,,transformer.4.post_attn_norm.x@0,
transformer.4.ffn.x0@0,N,transformer.4.post_attn_norm.y@0,,I,,"Batch/dp,Seq/(cp*tp),Dmodel",1,,,,
transformer.4.ffn.wgate@0,N,transformer.4._assembled_weight@0,,CUSTOM,0,2*Dff*Dmodel/tp + 4*Dmodel**2/tp,1,"Dmodel,Dff/tp",1,,
transformer.4.ffn.wdown@0,N,transformer.4._assembled_weight@0,,CUSTOM,0,2*Dff*Dmodel/tp + 4*Dmodel**2/tp,1,"Dff/tp,Dmodel",1,,
transformer.4.ffn.x00@0,N,transformer.4.ffn.x0@0,,I,,"Batch/dp,Seq/cp,Dmodel",1,,,,
transformer.4.ffn.xgate@0,N,transformer.4.ffn.x00@0,transformer.4.ffn.wgate@0,M,"bsm,mn->bsn","Batch/dp,Seq/cp,Dmodel",1,"Dmodel,Dff/tp",1.00000000000000,,
transformer.4.ffn.xdown1@0,N,transformer.4.ffn.xgate@0,transformer.4.ffn.wdown@0,M,"bsm,mn->bsn","Batch/dp,Seq/cp,Dff/tp",1,"Dff/tp,Dmodel",1.00000000000000,,
transformer.4.ffn.xdown@0,N,transformer.4.ffn.xdown1@0,,I,,"Batch/dp,Seq/(cp*tp),Dff",1,,,,
transformer.4.ffn.dxdown@0,N,transformer.4.ffn_res.dx1@0,,I,,"Batch/dp,Seq/(cp*tp),Dmodel",1,,,transformer.4.ffn.xdown@0,
transformer.4.ffn.dxdown2@0,N,transformer.4.ffn.dxdown@0,,I,,"Batch/dp,Seq/cp,Dmodel",1,,,,
transformer.4.ffn.dwdown@0,N,transformer.4.ffn.dxdown2@0,transformer.4.ffn.xgate@0,M,"bsn,bsm->mn","Batch/dp,Seq/cp,Dmodel",1,"Batch/dp,Seq/cp,Dff/tp",1.00000000000000,transformer.4.ffn.wdown@0,
transformer.4.ffn.dxgate@0,N,transformer.4.ffn.dxdown2@0,transformer.4._ffn.wdown_backward@0,M,"bsn,mn->bsm","Batch/dp,Seq/cp,Dmodel",1,"Dff/tp,Dmodel",1.00000000000000,transformer.4.ffn.xgate@0,
transformer.4.ffn.x01@0,N,transformer.4.ffn.x0@0,,I,,"Batch/dp,Seq/cp,Dmodel",1,,,,
transformer.4.ffn.dwgate@0,N,transformer.4.ffn.dxgate@0,transformer.4.ffn.x01@0,M,"bsn,bsm->mn","Batch/dp,Seq/cp,Dff/tp",1,"Batch/dp,Seq/cp,Dmodel",1.00000000000000,transformer.4.ffn.wgate@0,
transformer.4.ffn.dx000@0,N,transformer.4.ffn.dxgate@0,transformer.4._ffn.wgate_backward@0,M,"bsn,mn->bsm","Batch/dp,Seq/cp,Dff/tp",1,"Dmodel,Dff/tp",1.00000000000000,,
transformer.4.ffn.dx0@0,N,transformer.4.ffn.dx000@0,,I,,"Batch/dp,Seq/(cp*tp),Dmodel",1,,,,
transformer.4.ffn_res.x1@0,N,transformer.4.ffn.xdown@0,,I,,"Batch/dp,Seq/(cp*tp),Dmodel",1,,,,
transformer.4.ffn_res.x2@0,N,transformer.4.post_attn_norm.x@0,,I,,"Batch/dp,Seq/(cp*tp),Dmodel",1,,,,
transformer.4.ffn_res.y@0,N,transformer.4.ffn_res.x1@0,transformer.4.ffn_res.x2@0,A,,"Batch/dp,Seq/(cp*tp),Dmodel",1,"Batch/dp,Seq/(cp*tp),Dmodel",1.00000000000000,,
transformer.4.ffn_res.dy@0,N,transformer.5.input_norm.dx@0,,I,,"Batch/dp,Seq/(cp*tp),Dmodel",1,,,transformer.4.ffn_res.y@0,
transformer.4.ffn_res.dx1@0,N,transformer.4.ffn_res.dy@0,,I,,"Batch/dp,Seq/(cp*tp),Dmodel",1,,,transformer.4.ffn_res.x1@0,
transformer.4.ffn_res.dx2@0,N,transformer.4.ffn_res.dy@0,,I,,"Batch/dp,Seq/(cp*tp),Dmodel",1,,,transformer.4.ffn_res.x2@0,
transformer.4._sharded_weight@0,Y,,,T,,(2*Dff*Dmodel/tp + 4*Dmodel**2/tp)/fsdp,1,,,,
transformer.4._assembled_weight@0,N,transformer.4._sharded_weight@0,,I,,2*Dff*Dmodel/tp + 4*Dmodel**2/tp,1,,,,
transformer.4._sharded_grad@0,N,transformer.4._assembled_grad@0,,I,,(2*Dff*Dmodel/tp + 4*Dmodel**2/tp)/fsdp,1,,,transformer.4._sharded_weight@0,
transformer.4._assembled_grad@0,N,transformer.4.mha.dwqkv@0,,CUSTOM,0,"Dmodel,Dmodel/Head,3*Head/tp","Batch/dp,Seq/cp",2*Dff*Dmodel/tp + 4*Dmodel**2/tp,"Batch/dp,Seq/cp",,"{""data_deps"": [""transformer.4.mha.dwo@0"", ""transformer.4.ffn.dwgate@0"", ""transformer.4.ffn.dwdown@0""]}"
transformer.4._mha.wqkv_backward@0,N,transformer.4._assembled_weight_backward@0,,CUSTOM,0,2*Dff*Dmodel/tp + 4*Dmodel**2/tp,1,"Dmodel,Dmodel/Head,3*Head/tp",1,,
transformer.4._mha.wo_backward@0,N,transformer.4._assembled_weight_backward@0,,CUSTOM,0,2*Dff*Dmodel/tp + 4*Dmodel**2/tp,1,"Dmodel/Head,Head/tp,Dmodel",1,,
transformer.4._ffn.wgate_backward@0,N,transformer.4._assembled_weight_backward@0,,CUSTOM,0,2*Dff*Dmodel/tp + 4*Dmodel**2/tp,1,"Dmodel,Dff/tp",1,,
transformer.4._ffn.wdown_backward@0,N,transformer.4._assembled_weight_backward@0,,CUSTOM,0,2*Dff*Dmodel/tp + 4*Dmodel**2/tp,1,"Dff/tp,Dmodel",1,,
transformer.4._assembled_weight_backward@0,N,transformer.4._sharded_weight@0,,I,,2*Dff*Dmodel/tp + 4*Dmodel**2/tp,1,,,,
transformer.5.input_norm.x@0,N,transformer.4.ffn_res.y@0,,I,,"Batch/dp,Seq/(cp*tp),Dmodel",1,,,,
transformer.5.input_norm.y@0,N,transformer.5.input_norm.x@0,,E,5.0,"Batch/dp,Seq/(cp*tp),Dmodel",1,,,,
transformer.5.input_norm.dy@0,N,transformer.5.mha.dx@0,transformer.5.mha_res.dx2@0,A,,"Batch/dp,Seq/(cp*tp),Dmodel",1,"Batch/dp,Seq/(cp*tp),Dmodel",1,transformer.5.input_norm.y@0,
transformer.5.input_norm.dx@0,N,transformer.5.input_norm.dy@0,,E,5.0,"Batch/dp,Seq/(cp*tp),Dmodel",1,,,transformer.5.input_norm.x@0,
transformer.5.mha.x@0,N,transformer.5.input_norm.y@0,,I,,"Batch/dp,Seq/(cp*tp),Dmodel",1,,,,
transformer.5.mha.wqkv@0,N,transformer.5._assembled_weight@0,,CUSTOM,0,2*Dff*Dmodel/tp + 4*Dmodel**2/tp,1,"Dmodel,Dmodel/Head,3*Head/tp",1,,
transformer.5.mha.qkv@0,N,transformer.5.mha.x@0,transformer.5.mha.wqkv@0,M,"bsm,mnh->bsnh","Batch/dp,Seq/cp,Dmodel",1,"Dmodel,Dmodel/Head,3*Head/tp",1.00000000000000,,
transformer.5.mha.q@0,N,transformer.5.mha.qkv@0,,SLICE,3:Head/tp,"Batch/dp,Seq/cp,Dmodel/Head,3*Head/tp",1,,,,
transformer.5.mha.k@0,N,transformer.5.mha.qkv@0,,SLICE,3:Head/tp,"Batch/dp,Seq/cp,Dmodel/Head,3*Head/tp",1,,,,
transformer.5.mha.v@0,N,transformer.5.mha.qkv@0,,SLICE,3:Head/tp,"Batch/dp,Seq/cp,Dmodel/Head,3*Head/tp",1,,,,
transformer.5.mha.attn@0,N,transformer.5.mha.attn_kernel.qkv@0,,I,,"Batch/dp,Seq/cp,Dmodel/Head,Head/tp",1,,,,
transformer.5.mha.wo@0,N,transformer.5._assembled_weight@0,,CUSTOM,0,2*Dff*Dmodel/tp + 4*Dmodel**2/tp,1,"Dmodel/Head,Head/tp,Dmodel",1,,
transformer.5.mha.o1@0,N,transformer.5.mha.attn@0,transformer.5.mha.wo@0,M,"bsmh,mhn->bsn","Batch/dp,Seq/cp,Dmodel/Head,Head/tp",1,"Dmodel/Head,Head/tp,Dmodel",1.00000000000000,,
transformer.5.mha.o@0,N,transformer.5.mha.o1@0,,I,,"Batch/dp,Seq/(cp*tp),Dmodel",1,,,,
transformer.5.mha.do@0,N,transformer.5.mha_res.dx1@0,,I,,"Batch/dp,Seq/(cp*tp),Dmodel",1,,,transformer.5.mha.o@0,
transformer.5.mha.do1@0,N,transformer.5.mha.do@0,,I,,"Batch/dp,Seq/cp,Dmodel",1,,,transformer.5.mha.o1@0,
transformer.5.mha.dattn@0,N,transformer.5.mha.do1@0,transformer.5._mha.wo_backward@0,M,"bsn,mhn->bsmh","Batch/dp,Seq/cp,Dmodel",1,"Dmodel/Head,Head/tp,Dmodel",1.00000000000000,,
transformer.5.mha.dwo@0,N,transformer.5.mha.do1@0,transformer.5.mha.attn@0,M,"bsn,bsmh->mhn","Batch/dp,Seq/cp,Dmodel",1,"Batch/dp,Seq/cp,Dmodel/Head,Head/tp",1.00000000000000,transformer.5.mha.wo@0,
transformer.5.mha.dv@0,N,transformer.5.mha.attn_kernel.dv@0,,I,,"Batch/dp,Seq/cp,Dmodel/Head,Head/tp",1,,,transformer.5.mha.v@0,
transformer.5.mha.dk@0,N,transformer.5.mha.attn_kernel.dk@0,,I,,"Batch/dp,Seq/cp,Dmodel/Head,Head/tp",1,,,transformer.5.mha.k@0,
transformer.5.mha.dq@0,N,transformer.5.mha.attn_kernel.dq@0,,I,,"Batch/dp,Seq/cp,Dmodel/Head,Head/tp",1,,,transformer.5.mha.q@0,
transformer.5.mha.dkv@0,N,transformer.5.mha.dv@0,transformer.5.mha.dk@0,SLICE,3:2*Head/tp,"Batch/dp,Seq/cp,Dmodel/Head,Head/tp",1,"Batch/dp,Seq/cp,Dmodel/Head,Head/tp",1.00000000000000,,
transformer.5.mha.dqkv@0,N,transformer.5.mha.dkv@0,transformer.5.mha.dq@0,SLICE,3:(2*Head+Head)/tp,"Batch/dp,Seq/cp,Dmodel/Head,2*Head/tp",1,"Batch/dp,Seq/cp,Dmodel/Head,Head/tp",1.00000000000000,transformer.5.mha.qkv@0,
transformer.5.mha.dwqkv@0,N,transformer.5.mha.dqkv@0,transformer.5.mha.x@0,M,"bsnh,bsm->mnh","Batch/dp,Seq/cp,Dmodel/Head,3*Head/tp",1,"Batch/dp,Seq/cp,Dmodel",1.00000000000000,transformer.5.mha.wqkv@0,
transformer.5.mha.dx1@0,N,transformer.5.mha.dqkv@0,transformer.5._mha.wqkv_backward@0,M,"bsnh,mnh->bsm","Batch/dp,Seq/cp,Dmodel/Head,3*Head/tp",1,"Dmodel,Dmodel/Head,3*Head/tp",1.00000000000000,,
transformer.5.mha.dx@0,N,transformer.5.mha.dx1@0,,I,,"Batch/dp,Seq/(cp*tp),Dmodel",1,,,,
transformer.5.mha.attn_kernel.q@0,N,transformer.5.mha.q@0,,I,,"Batch/dp,Seq/cp,Dmodel/Head,Head/tp",1,,,,
transformer.5.mha.attn_kernel.k@0,N,transformer.5.mha.k@0,,I,,"Batch/dp,Seq/cp,Dmodel/Head,Head/tp",1,,,,
transformer.5.mha.attn_kernel.v@0,N,transformer.5.mha.v@0,,I,,"Batch/dp,Seq/cp,Dmodel/Head,Head/tp",1,,,,
transformer.5.mha.attn_kernel.k1@0,N,transformer.5.mha.attn_kernel.k@0,,I,,"Batch/dp,Seq,Dmodel/Head,Head/tp",1,,,,
transformer.5.mha.attn_kernel.v1@0,N,transformer.5.mha.attn_kernel.v@0,,I,,"Batch/dp,Seq,Dmodel/Head,Head/tp",1,,,,
transformer.5.mha.attn_kernel.qkv@0,N,transformer.5.mha.attn_kernel.q@0,,CUSTOM,Batch/dp*Seq/cp*Dmodel/Head*Head/tp*3,"Batch/dp,Seq/cp,Dmodel/Head,Head/tp",1,"Batch/dp,Seq/cp,Dmodel/Head,Head/tp",1,,"{""data_deps"": [""transformer.5.mha.attn_kernel.k1@0"", ""transformer.5.mha.attn_kernel.v1@0""]}"
transformer.5.mha.attn_kernel.dqkv@0,N,transformer.5.mha.dattn@0,,I,,"Batch/dp,Seq/cp,Dmodel/Head,Head/tp",1,,,transformer.5.mha.attn_kernel.qkv@0,
transformer.5.mha.attn_kernel.dq@0,N,transformer.5.mha.attn_kernel.dqkv@0,,CUSTOM,Batch/dp*Seq/cp*Dmodel/Head*Head/tp*6,"Batch/dp,Seq/cp,Dmodel/Head,Head/tp",1,"Batch/dp,Seq/cp,Dmodel/Head,Head/tp",1,transformer.5.mha.attn_kernel.q@0,
transformer.5.mha.attn_kernel.dk@0,N,transformer.5.mha.attn_kernel.dqkv@0,,CUSTOM,Batch/dp*Seq/cp*Dmodel/Head*Head/tp*6,"Batch/dp,Seq/cp,Dmodel/Head,Head/tp",1,"Batch/dp,Seq,Dmodel/Head,Head/tp",1/cp,,
transformer.5.mha.attn_kernel.dv@0,N,transformer.5.mha.attn_kernel.dqkv@0,,CUSTOM,Batch/dp*Seq/cp*Dmodel/Head*Head/tp*6,"Batch/dp,Seq/cp,Dmodel/Head,Head/tp",1,"Batch/dp,Seq,Dmodel/Head,Head/tp",1/cp,,
transformer.5.mha_res.x1@0,N,transformer.5.mha.o@0,,I,,"Batch/dp,Seq/(cp*tp),Dmodel",1,,,,
transformer.5.mha_res.x2@0,N,transformer.5.input_norm.x@0,,I,,"Batch/dp,Seq/(cp*tp),Dmodel",1,,,,
transformer.5.mha_res.y@0,N,transformer.5.mha_res.x1@0,transformer.5.mha_res.x2@0,A,,"Batch/dp,Seq/(cp*tp),Dmodel",1,"Batch/dp,Seq/(cp*tp),Dmodel",1.00000000000000,,
transformer.5.mha_res.dy@0,N,transformer.5.post_attn_norm.dx@0,,I,,"Batch/dp,Seq/(cp*tp),Dmodel",1,,,transformer.5.mha_res.y@0,
transformer.5.mha_res.dx1@0,N,transformer.5.mha_res.dy@0,,I,,"Batch/dp,Seq/(cp*tp),Dmodel",1,,,transformer.5.mha_res.x1@0,
transformer.5.mha_res.dx2@0,N,transformer.5.mha_res.dy@0,,I,,"Batch/dp,Seq/(cp*tp),Dmodel",1,,,transformer.5.mha_res.x2@0,
transformer.5.post_attn_norm.x@0,N,transformer.5.mha_res.y@0,,I,,"Batch/dp,Seq/(cp*tp),Dmodel",1,,,,
transformer.5.post_attn_norm.y@0,N,transformer.5.post_attn_norm.x@0,,E,5.0,"Batch/dp,Seq/(cp*tp),Dmodel",1,,,,
transformer.5.post_attn_norm.dy@0,N,transformer.5.ffn.dx0@0,transformer.5.ffn_res.dx2@0,A,,"Batch/dp,Seq/(cp*tp),Dmodel",1,"Batch/dp,Seq/(cp*tp),Dmodel",1,transformer.5.post_attn_norm.y@0,
transformer.5.post_attn_norm.dx@0,N,transformer.5.post_attn_norm.dy@0,,E,5.0,"Batch/dp,Seq/(cp*tp),Dmodel",1,,,transformer.5.post_attn_norm.x@0,
transformer.5.ffn.x0@0,N,transformer.5.post_attn_norm.y@0,,I,,"Batch/dp,Seq/(cp*tp),Dmodel",1,,,,
transformer.5.ffn.wgate@0,N,transformer.5._assembled_weight@0,,CUSTOM,0,2*Dff*Dmodel/tp + 4*Dmodel**2/tp,1,"Dmodel,Dff/tp",1,,
transformer.5.ffn.wdown@0,N,transformer.5._assembled_weight@0,,CUSTOM,0,2*Dff*Dmodel/tp + 4*Dmodel**2/tp,1,"Dff/tp,Dmodel",1,,
transformer.5.ffn.x00@0,N,transformer.5.ffn.x0@0,,I,,"Batch/dp,Seq/cp,Dmodel",1,,,,
transformer.5.ffn.xgate@0,N,transformer.5.ffn.x00@0,transformer.5.ffn.wgate@0,M,"bsm,mn->bsn","Batch/dp,Seq/cp,Dmodel",1,"Dmodel,Dff/tp",1.00000000000000,,
transformer.5.ffn.xdown1@0,N,transformer.5.ffn.xgate@0,transformer.5.ffn.wdown@0,M,"bsm,mn->bsn","Batch/dp,Seq/cp,Dff/tp",1,"Dff/tp,Dmodel",1.00000000000000,,
transformer.5.ffn.xdown@0,N,transformer.5.ffn.xdown1@0,,I,,"Batch/dp,Seq/(cp*tp),Dff",1,,,,
transformer.5.ffn.dxdown@0,N,transformer.5.ffn_res.dx1@0,,I,,"Batch/dp,Seq/(cp*tp),Dmodel",1,,,transformer.5.ffn.xdown@0,
transformer.5.ffn.dxdown2@0,N,transformer.5.ffn.dxdown@0,,I,,"Batch/dp,Seq/cp,Dmodel",1,,,,
transformer.5.ffn.dwdown@0,N,transformer.5.ffn.dxdown2@0,transformer.5.ffn.xgate@0,M,"bsn,bsm->mn","Batch/dp,Seq/cp,Dmodel",1,"Batch/dp,Seq/cp,Dff/tp",1.00000000000000,transformer.5.ffn.wdown@0,
transformer.5.ffn.dxgate@0,N,transformer.5.ffn.dxdown2@0,transformer.5._ffn.wdown_backward@0,M,"bsn,mn->bsm","Batch/dp,Seq/cp,Dmodel",1,"Dff/tp,Dmodel",1.00000000000000,transformer.5.ffn.xgate@0,
transformer.5.ffn.x01@0,N,transformer.5.ffn.x0@0,,I,,"Batch/dp,Seq/cp,Dmodel",1,,,,
transformer.5.ffn.dwgate@0,N,transformer.5.ffn.dxgate@0,transformer.5.ffn.x01@0,M,"bsn,bsm->mn","Batch/dp,Seq/cp,Dff/tp",1,"Batch/dp,Seq/cp,Dmodel",1.00000000000000,transformer.5.ffn.wgate@0,
transformer.5.ffn.dx000@0,N,transformer.5.ffn.dxgate@0,transformer.5._ffn.wgate_backward@0,M,"bsn,mn->bsm","Batch/dp,Seq/cp,Dff/tp",1,"Dmodel,Dff/tp",1.00000000000000,,
transformer.5.ffn.dx0@0,N,transformer.5.ffn.dx000@0,,I,,"Batch/dp,Seq/(cp*tp),Dmodel",1,,,,
transformer.5.ffn_res.x1@0,N,transformer.5.ffn.xdown@0,,I,,"Batch/dp,Seq/(cp*tp),Dmodel",1,,,,
transformer.5.ffn_res.x2@0,N,transformer.5.post_attn_norm.x@0,,I,,"Batch/dp,Seq/(cp*tp),Dmodel",1,,,,
transformer.5.ffn_res.y@0,N,transformer.5.ffn_res.x1@0,transformer.5.ffn_res.x2@0,A,,"Batch/dp,Seq/(cp*tp),Dmodel",1,"Batch/dp,Seq/(cp*tp),Dmodel",1.00000000000000,,
transformer.5.ffn_res.dy@0,N,transformer.6.input_norm.dx@0,,I,,"Batch/dp,Seq/(cp*tp),Dmodel",1,,,transformer.5.ffn_res.y@0,
transformer.5.ffn_res.dx1@0,N,transformer.5.ffn_res.dy@0,,I,,"Batch/dp,Seq/(cp*tp),Dmodel",1,,,transformer.5.ffn_res.x1@0,
transformer.5.ffn_res.dx2@0,N,transformer.5.ffn_res.dy@0,,I,,"Batch/dp,Seq/(cp*tp),Dmodel",1,,,transformer.5.ffn_res.x2@0,
transformer.5._sharded_weight@0,Y,,,T,,(2*Dff*Dmodel/tp + 4*Dmodel**2/tp)/fsdp,1,,,,
transformer.5._assembled_weight@0,N,transformer.5._sharded_weight@0,,I,,2*Dff*Dmodel/tp + 4*Dmodel**2/tp,1,,,,
transformer.5._sharded_grad@0,N,transformer.5._assembled_grad@0,,I,,(2*Dff*Dmodel/tp + 4*Dmodel**2/tp)/fsdp,1,,,transformer.5._sharded_weight@0,
transformer.5._assembled_grad@0,N,transformer.5.mha.dwqkv@0,,CUSTOM,0,"Dmodel,Dmodel/Head,3*Head/tp","Batch/dp,Seq/cp",2*Dff*Dmodel/tp + 4*Dmodel**2/tp,"Batch/dp,Seq/cp",,"{""data_deps"": [""transformer.5.mha.dwo@0"", ""transformer.5.ffn.dwgate@0"", ""transformer.5.ffn.dwdown@0""]}"
transformer.5._mha.wqkv_backward@0,N,transformer.5._assembled_weight_backward@0,,CUSTOM,0,2*Dff*Dmodel/tp + 4*Dmodel**2/tp,1,"Dmodel,Dmodel/Head,3*Head/tp",1,,
transformer.5._mha.wo_backward@0,N,transformer.5._assembled_weight_backward@0,,CUSTOM,0,2*Dff*Dmodel/tp + 4*Dmodel**2/tp,1,"Dmodel/Head,Head/tp,Dmodel",1,,
transformer.5._ffn.wgate_backward@0,N,transformer.5._assembled_weight_backward@0,,CUSTOM,0,2*Dff*Dmodel/tp + 4*Dmodel**2/tp,1,"Dmodel,Dff/tp",1,,
transformer.5._ffn.wdown_backward@0,N,transformer.5._assembled_weight_backward@0,,CUSTOM,0,2*Dff*Dmodel/tp + 4*Dmodel**2/tp,1,"Dff/tp,Dmodel",1,,
transformer.5._assembled_weight_backward@0,N,transformer.5._sharded_weight@0,,I,,2*Dff*Dmodel/tp + 4*Dmodel**2/tp,1,,,,
transformer.6.input_norm.x@0,N,transformer.5.ffn_res.y@0,,I,,"Batch/dp,Seq/(cp*tp),Dmodel",1,,,,
transformer.6.input_norm.y@0,N,transformer.6.input_norm.x@0,,E,5.0,"Batch/dp,Seq/(cp*tp),Dmodel",1,,,,
transformer.6.input_norm.dy@0,N,transformer.6.mha.dx@0,transformer.6.mha_res.dx2@0,A,,"Batch/dp,Seq/(cp*tp),Dmodel",1,"Batch/dp,Seq/(cp*tp),Dmodel",1,transformer.6.input_norm.y@0,
transformer.6.input_norm.dx@0,N,transformer.6.input_norm.dy@0,,E,5.0,"Batch/dp,Seq/(cp*tp),Dmodel",1,,,transformer.6.input_norm.x@0,
transformer.6.mha.x@0,N,transformer.6.input_norm.y@0,,I,,"Batch/dp,Seq/(cp*tp),Dmodel",1,,,,
transformer.6.mha.wqkv@0,N,transformer.6._assembled_weight@0,,CUSTOM,0,2*Dff*Dmodel/tp + 4*Dmodel**2/tp,1,"Dmodel,Dmodel/Head,3*Head/tp",1,,
transformer.6.mha.qkv@0,N,transformer.6.mha.x@0,transformer.6.mha.wqkv@0,M,"bsm,mnh->bsnh","Batch/dp,Seq/cp,Dmodel",1,"Dmodel,Dmodel/Head,3*Head/tp",1.00000000000000,,
transformer.6.mha.q@0,N,transformer.6.mha.qkv@0,,SLICE,3:Head/tp,"Batch/dp,Seq/cp,Dmodel/Head,3*Head/tp",1,,,,
transformer.6.mha.k@0,N,transformer.6.mha.qkv@0,,SLICE,3:Head/tp,"Batch/dp,Seq/cp,Dmodel/Head,3*Head/tp",1,,,,
transformer.6.mha.v@0,N,transformer.6.mha.qkv@0,,SLICE,3:Head/tp,"Batch/dp,Seq/cp,Dmodel/Head,3*Head/tp",1,,,,
transformer.6.mha.attn@0,N,transformer.6.mha.attn_kernel.qkv@0,,I,,"Batch/dp,Seq/cp,Dmodel/Head,Head/tp",1,,,,
transformer.6.mha.wo@0,N,transformer.6._assembled_weight@0,,CUSTOM,0,2*Dff*Dmodel/tp + 4*Dmodel**2/tp,1,"Dmodel/Head,Head/tp,Dmodel",1,,
transformer.6.mha.o1@0,N,transformer.6.mha.attn@0,transformer.6.mha.wo@0,M,"bsmh,mhn->bsn","Batch/dp,Seq/cp,Dmodel/Head,Head/tp",1,"Dmodel/Head,Head/tp,Dmodel",1.00000000000000,,
transformer.6.mha.o@0,N,transformer.6.mha.o1@0,,I,,"Batch/dp,Seq/(cp*tp),Dmodel",1,,,,
transformer.6.mha.do@0,N,transformer.6.mha_res.dx1@0,,I,,"Batch/dp,Seq/(cp*tp),Dmodel",1,,,transformer.6.mha.o@0,
transformer.6.mha.do1@0,N,transformer.6.mha.do@0,,I,,"Batch/dp,Seq/cp,Dmodel",1,,,transformer.6.mha.o1@0,
transformer.6.mha.dattn@0,N,transformer.6.mha.do1@0,transformer.6._mha.wo_backward@0,M,"bsn,mhn->bsmh","Batch/dp,Seq/cp,Dmodel",1,"Dmodel/Head,Head/tp,Dmodel",1.00000000000000,,
transformer.6.mha.dwo@0,N,transformer.6.mha.do1@0,transformer.6.mha.attn@0,M,"bsn,bsmh->mhn","Batch/dp,Seq/cp,Dmodel",1,"Batch/dp,Seq/cp,Dmodel/Head,Head/tp",1.00000000000000,transformer.6.mha.wo@0,
transformer.6.mha.dv@0,N,transformer.6.mha.attn_kernel.dv@0,,I,,"Batch/dp,Seq/cp,Dmodel/Head,Head/tp",1,,,transformer.6.mha.v@0,
transformer.6.mha.dk@0,N,transformer.6.mha.attn_kernel.dk@0,,I,,"Batch/dp,Seq/cp,Dmodel/Head,Head/tp",1,,,transformer.6.mha.k@0,
transformer.6.mha.dq@0,N,transformer.6.mha.attn_kernel.dq@0,,I,,"Batch/dp,Seq/cp,Dmodel/Head,Head/tp",1,,,transformer.6.mha.q@0,
transformer.6.mha.dkv@0,N,transformer.6.mha.dv@0,transformer.6.mha.dk@0,SLICE,3:2*Head/tp,"Batch/dp,Seq/cp,Dmodel/Head,Head/tp",1,"Batch/dp,Seq/cp,Dmodel/Head,Head/tp",1.00000000000000,,
transformer.6.mha.dqkv@0,N,transformer.6.mha.dkv@0,transformer.6.mha.dq@0,SLICE,3:(2*Head+Head)/tp,"Batch/dp,Seq/cp,Dmodel/Head,2*Head/tp",1,"Batch/dp,Seq/cp,Dmodel/Head,Head/tp",1.00000000000000,transformer.6.mha.qkv@0,
transformer.6.mha.dwqkv@0,N,transformer.6.mha.dqkv@0,transformer.6.mha.x@0,M,"bsnh,bsm->mnh","Batch/dp,Seq/cp,Dmodel/Head,3*Head/tp",1,"Batch/dp,Seq/cp,Dmodel",1.00000000000000,transformer.6.mha.wqkv@0,
transformer.6.mha.dx1@0,N,transformer.6.mha.dqkv@0,transformer.6._mha.wqkv_backward@0,M,"bsnh,mnh->bsm","Batch/dp,Seq/cp,Dmodel/Head,3*Head/tp",1,"Dmodel,Dmodel/Head,3*Head/tp",1.00000000000000,,
transformer.6.mha.dx@0,N,transformer.6.mha.dx1@0,,I,,"Batch/dp,Seq/(cp*tp),Dmodel",1,,,,
transformer.6.mha.attn_kernel.q@0,N,transformer.6.mha.q@0,,I,,"Batch/dp,Seq/cp,Dmodel/Head,Head/tp",1,,,,
transformer.6.mha.attn_kernel.k@0,N,transformer.6.mha.k@0,,I,,"Batch/dp,Seq/cp,Dmodel/Head,Head/tp",1,,,,
transformer.6.mha.attn_kernel.v@0,N,transformer.6.mha.v@0,,I,,"Batch/dp,Seq/cp,Dmodel/Head,Head/tp",1,,,,
transformer.6.mha.attn_kernel.k1@0,N,transformer.6.mha.attn_kernel.k@0,,I,,"Batch/dp,Seq,Dmodel/Head,Head/tp",1,,,,
transformer.6.mha.attn_kernel.v1@0,N,transformer.6.mha.attn_kernel.v@0,,I,,"Batch/dp,Seq,Dmodel/Head,Head/tp",1,,,,
transformer.6.mha.attn_kernel.qkv@0,N,transformer.6.mha.attn_kernel.q@0,,CUSTOM,Batch/dp*Seq/cp*Dmodel/Head*Head/tp*3,"Batch/dp,Seq/cp,Dmodel/Head,Head/tp",1,"Batch/dp,Seq/cp,Dmodel/Head,Head/tp",1,,"{""data_deps"": [""transformer.6.mha.attn_kernel.k1@0"", ""transformer.6.mha.attn_kernel.v1@0""]}"
transformer.6.mha.attn_kernel.dqkv@0,N,transformer.6.mha.dattn@0,,I,,"Batch/dp,Seq/cp,Dmodel/Head,Head/tp",1,,,transformer.6.mha.attn_kernel.qkv@0,
transformer.6.mha.attn_kernel.dq@0,N,transformer.6.mha.attn_kernel.dqkv@0,,CUSTOM,Batch/dp*Seq/cp*Dmodel/Head*Head/tp*6,"Batch/dp,Seq/cp,Dmodel/Head,Head/tp",1,"Batch/dp,Seq/cp,Dmodel/Head,Head/tp",1,transformer.6.mha.attn_kernel.q@0,
transformer.6.mha.attn_kernel.dk@0,N,transformer.6.mha.attn_kernel.dqkv@0,,CUSTOM,Batch/dp*Seq/cp*Dmodel/Head*Head/tp*6,"Batch/dp,Seq/cp,Dmodel/Head,Head/tp",1,"Batch/dp,Seq,Dmodel/Head,Head/tp",1/cp,,
transformer.6.mha.attn_kernel.dv@0,N,transformer.6.mha.attn_kernel.dqkv@0,,CUSTOM,Batch/dp*Seq/cp*Dmodel/Head*Head/tp*6,"Batch/dp,Seq/cp,Dmodel/Head,Head/tp",1,"Batch/dp,Seq,Dmodel/Head,Head/tp",1/cp,,
transformer.6.mha_res.x1@0,N,transformer.6.mha.o@0,,I,,"Batch/dp,Seq/(cp*tp),Dmodel",1,,,,
transformer.6.mha_res.x2@0,N,transformer.6.input_norm.x@0,,I,,"Batch/dp,Seq/(cp*tp),Dmodel",1,,,,
transformer.6.mha_res.y@0,N,transformer.6.mha_res.x1@0,transformer.6.mha_res.x2@0,A,,"Batch/dp,Seq/(cp*tp),Dmodel",1,"Batch/dp,Seq/(cp*tp),Dmodel",1.00000000000000,,
transformer.6.mha_res.dy@0,N,transformer.6.post_attn_norm.dx@0,,I,,"Batch/dp,Seq/(cp*tp),Dmodel",1,,,transformer.6.mha_res.y@0,
transformer.6.mha_res.dx1@0,N,transformer.6.mha_res.dy@0,,I,,"Batch/dp,Seq/(cp*tp),Dmodel",1,,,transformer.6.mha_res.x1@0,
transformer.6.mha_res.dx2@0,N,transformer.6.mha_res.dy@0,,I,,"Batch/dp,Seq/(cp*tp),Dmodel",1,,,transformer.6.mha_res.x2@0,
transformer.6.post_attn_norm.x@0,N,transformer.6.mha_res.y@0,,I,,"Batch/dp,Seq/(cp*tp),Dmodel",1,,,,
transformer.6.post_attn_norm.y@0,N,transformer.6.post_attn_norm.x@0,,E,5.0,"Batch/dp,Seq/(cp*tp),Dmodel",1,,,,
transformer.6.post_attn_norm.dy@0,N,transformer.6.ffn.dx0@0,transformer.6.ffn_res.dx2@0,A,,"Batch/dp,Seq/(cp*tp),Dmodel",1,"Batch/dp,Seq/(cp*tp),Dmodel",1,transformer.6.post_attn_norm.y@0,
transformer.6.post_attn_norm.dx@0,N,transformer.6.post_attn_norm.dy@0,,E,5.0,"Batch/dp,Seq/(cp*tp),Dmodel",1,,,transformer.6.post_attn_norm.x@0,
transformer.6.ffn.x0@0,N,transformer.6.post_attn_norm.y@0,,I,,"Batch/dp,Seq/(cp*tp),Dmodel",1,,,,
transformer.6.ffn.wgate@0,N,transformer.6._assembled_weight@0,,CUSTOM,0,2*Dff*Dmodel/tp + 4*Dmodel**2/tp,1,"Dmodel,Dff/tp",1,,
transformer.6.ffn.wdown@0,N,transformer.6._assembled_weight@0,,CUSTOM,0,2*Dff*Dmodel/tp + 4*Dmodel**2/tp,1,"Dff/tp,Dmodel",1,,
transformer.6.ffn.x00@0,N,transformer.6.ffn.x0@0,,I,,"Batch/dp,Seq/cp,Dmodel",1,,,,
transformer.6.ffn.xgate@0,N,transformer.6.ffn.x00@0,transformer.6.ffn.wgate@0,M,"bsm,mn->bsn","Batch/dp,Seq/cp,Dmodel",1,"Dmodel,Dff/tp",1.00000000000000,,
transformer.6.ffn.xdown1@0,N,transformer.6.ffn.xgate@0,transformer.6.ffn.wdown@0,M,"bsm,mn->bsn","Batch/dp,Seq/cp,Dff/tp",1,"Dff/tp,Dmodel",1.00000000000000,,
transformer.6.ffn.xdown@0,N,transformer.6.ffn.xdown1@0,,I,,"Batch/dp,Seq/(cp*tp),Dff",1,,,,
transformer.6.ffn.dxdown@0,N,transformer.6.ffn_res.dx1@0,,I,,"Batch/dp,Seq/(cp*tp),Dmodel",1,,,transformer.6.ffn.xdown@0,
transformer.6.ffn.dxdown2@0,N,transformer.6.ffn.dxdown@0,,I,,"Batch/dp,Seq/cp,Dmodel",1,,,,
transformer.6.ffn.dwdown@0,N,transformer.6.ffn.dxdown2@0,transformer.6.ffn.xgate@0,M,"bsn,bsm->mn","Batch/dp,Seq/cp,Dmodel",1,"Batch/dp,Seq/cp,Dff/tp",1.00000000000000,transformer.6.ffn.wdown@0,
transformer.6.ffn.dxgate@0,N,transformer.6.ffn.dxdown2@0,transformer.6._ffn.wdown_backward@0,M,"bsn,mn->bsm","Batch/dp,Seq/cp,Dmodel",1,"Dff/tp,Dmodel",1.00000000000000,transformer.6.ffn.xgate@0,
transformer.6.ffn.x01@0,N,transformer.6.ffn.x0@0,,I,,"Batch/dp,Seq/cp,Dmodel",1,,,,
transformer.6.ffn.dwgate@0,N,transformer.6.ffn.dxgate@0,transformer.6.ffn.x01@0,M,"bsn,bsm->mn","Batch/dp,Seq/cp,Dff/tp",1,"Batch/dp,Seq/cp,Dmodel",1.00000000000000,transformer.6.ffn.wgate@0,
transformer.6.ffn.dx000@0,N,transformer.6.ffn.dxgate@0,transformer.6._ffn.wgate_backward@0,M,"bsn,mn->bsm","Batch/dp,Seq/cp,Dff/tp",1,"Dmodel,Dff/tp",1.00000000000000,,
transformer.6.ffn.dx0@0,N,transformer.6.ffn.dx000@0,,I,,"Batch/dp,Seq/(cp*tp),Dmodel",1,,,,
transformer.6.ffn_res.x1@0,N,transformer.6.ffn.xdown@0,,I,,"Batch/dp,Seq/(cp*tp),Dmodel",1,,,,
transformer.6.ffn_res.x2@0,N,transformer.6.post_attn_norm.x@0,,I,,"Batch/dp,Seq/(cp*tp),Dmodel",1,,,,
transformer.6.ffn_res.y@0,N,transformer.6.ffn_res.x1@0,transformer.6.ffn_res.x2@0,A,,"Batch/dp,Seq/(cp*tp),Dmodel",1,"Batch/dp,Seq/(cp*tp),Dmodel",1.00000000000000,,
transformer.6.ffn_res.dy@0,N,transformer.7.input_norm.dx@0,,I,,"Batch/dp,Seq/(cp*tp),Dmodel",1,,,transformer.6.ffn_res.y@0,
transformer.6.ffn_res.dx1@0,N,transformer.6.ffn_res.dy@0,,I,,"Batch/dp,Seq/(cp*tp),Dmodel",1,,,transformer.6.ffn_res.x1@0,
transformer.6.ffn_res.dx2@0,N,transformer.6.ffn_res.dy@0,,I,,"Batch/dp,Seq/(cp*tp),Dmodel",1,,,transformer.6.ffn_res.x2@0,
transformer.6._sharded_weight@0,Y,,,T,,(2*Dff*Dmodel/tp + 4*Dmodel**2/tp)/fsdp,1,,,,
transformer.6._assembled_weight@0,N,transformer.6._sharded_weight@0,,I,,2*Dff*Dmodel/tp + 4*Dmodel**2/tp,1,,,,
transformer.6._sharded_grad@0,N,transformer.6._assembled_grad@0,,I,,(2*Dff*Dmodel/tp + 4*Dmodel**2/tp)/fsdp,1,,,transformer.6._sharded_weight@0,
transformer.6._assembled_grad@0,N,transformer.6.mha.dwqkv@0,,CUSTOM,0,"Dmodel,Dmodel/Head,3*Head/tp","Batch/dp,Seq/cp",2*Dff*Dmodel/tp + 4*Dmodel**2/tp,"Batch/dp,Seq/cp",,"{""data_deps"": [""transformer.6.mha.dwo@0"", ""transformer.6.ffn.dwgate@0"", ""transformer.6.ffn.dwdown@0""]}"
transformer.6._mha.wqkv_backward@0,N,transformer.6._assembled_weight_backward@0,,CUSTOM,0,2*Dff*Dmodel/tp + 4*Dmodel**2/tp,1,"Dmodel,Dmodel/Head,3*Head/tp",1,,
transformer.6._mha.wo_backward@0,N,transformer.6._assembled_weight_backward@0,,CUSTOM,0,2*Dff*Dmodel/tp + 4*Dmodel**2/tp,1,"Dmodel/Head,Head/tp,Dmodel",1,,
transformer.6._ffn.wgate_backward@0,N,transformer.6._assembled_weight_backward@0,,CUSTOM,0,2*Dff*Dmodel/tp + 4*Dmodel**2/tp,1,"Dmodel,Dff/tp",1,,
transformer.6._ffn.wdown_backward@0,N,transformer.6._assembled_weight_backward@0,,CUSTOM,0,2*Dff*Dmodel/tp + 4*Dmodel**2/tp,1,"Dff/tp,Dmodel",1,,
transformer.6._assembled_weight_backward@0,N,transformer.6._sharded_weight@0,,I,,2*Dff*Dmodel/tp + 4*Dmodel**2/tp,1,,,,
transformer.7.input_norm.x@0,N,transformer.6.ffn_res.y@0,,I,,"Batch/dp,Seq/(cp*tp),Dmodel",1,,,,
transformer.7.input_norm.y@0,N,transformer.7.input_norm.x@0,,E,5.0,"Batch/dp,Seq/(cp*tp),Dmodel",1,,,,
transformer.7.input_norm.dy@0,N,transformer.7.mha.dx@0,transformer.7.mha_res.dx2@0,A,,"Batch/dp,Seq/(cp*tp),Dmodel",1,"Batch/dp,Seq/(cp*tp),Dmodel",1,transformer.7.input_norm.y@0,
transformer.7.input_norm.dx@0,N,transformer.7.input_norm.dy@0,,E,5.0,"Batch/dp,Seq/(cp*tp),Dmodel",1,,,transformer.7.input_norm.x@0,
transformer.7.mha.x@0,N,transformer.7.input_norm.y@0,,I,,"Batch/dp,Seq/(cp*tp),Dmodel",1,,,,
transformer.7.mha.wqkv@0,N,transformer.7._assembled_weight@0,,CUSTOM,0,2*Dff*Dmodel/tp + 4*Dmodel**2/tp,1,"Dmodel,Dmodel/Head,3*Head/tp",1,,
transformer.7.mha.qkv@0,N,transformer.7.mha.x@0,transformer.7.mha.wqkv@0,M,"bsm,mnh->bsnh","Batch/dp,Seq/cp,Dmodel",1,"Dmodel,Dmodel/Head,3*Head/tp",1.00000000000000,,
transformer.7.mha.q@0,N,transformer.7.mha.qkv@0,,SLICE,3:Head/tp,"Batch/dp,Seq/cp,Dmodel/Head,3*Head/tp",1,,,,
transformer.7.mha.k@0,N,transformer.7.mha.qkv@0,,SLICE,3:Head/tp,"Batch/dp,Seq/cp,Dmodel/Head,3*Head/tp",1,,,,
transformer.7.mha.v@0,N,transformer.7.mha.qkv@0,,SLICE,3:Head/tp,"Batch/dp,Seq/cp,Dmodel/Head,3*Head/tp",1,,,,
transformer.7.mha.attn@0,N,transformer.7.mha.attn_kernel.qkv@0,,I,,"Batch/dp,Seq/cp,Dmodel/Head,Head/tp",1,,,,
transformer.7.mha.wo@0,N,transformer.7._assembled_weight@0,,CUSTOM,0,2*Dff*Dmodel/tp + 4*Dmodel**2/tp,1,"Dmodel/Head,Head/tp,Dmodel",1,,
transformer.7.mha.o1@0,N,transformer.7.mha.attn@0,transformer.7.mha.wo@0,M,"bsmh,mhn->bsn","Batch/dp,Seq/cp,Dmodel/Head,Head/tp",1,"Dmodel/Head,Head/tp,Dmodel",1.00000000000000,,
transformer.7.mha.o@0,N,transformer.7.mha.o1@0,,I,,"Batch/dp,Seq/(cp*tp),Dmodel",1,,,,
transformer.7.mha.do@0,N,transformer.7.mha_res.dx1@0,,I,,"Batch/dp,Seq/(cp*tp),Dmodel",1,,,transformer.7.mha.o@0,
transformer.7.mha.do1@0,N,transformer.7.mha.do@0,,I,,"Batch/dp,Seq/cp,Dmodel",1,,,transformer.7.mha.o1@0,
transformer.7.mha.dattn@0,N,transformer.7.mha.do1@0,transformer.7._mha.wo_backward@0,M,"bsn,mhn->bsmh","Batch/dp,Seq/cp,Dmodel",1,"Dmodel/Head,Head/tp,Dmodel",1.00000000000000,,
transformer.7.mha.dwo@0,N,transformer.7.mha.do1@0,transformer.7.mha.attn@0,M,"bsn,bsmh->mhn","Batch/dp,Seq/cp,Dmodel",1,"Batch/dp,Seq/cp,Dmodel/Head,Head/tp",1.00000000000000,transformer.7.mha.wo@0,
transformer.7.mha.dv@0,N,transformer.7.mha.attn_kernel.dv@0,,I,,"Batch/dp,Seq/cp,Dmodel/Head,Head/tp",1,,,transformer.7.mha.v@0,
transformer.7.mha.dk@0,N,transformer.7.mha.attn_kernel.dk@0,,I,,"Batch/dp,Seq/cp,Dmodel/Head,Head/tp",1,,,transformer.7.mha.k@0,
transformer.7.mha.dq@0,N,transformer.7.mha.attn_kernel.dq@0,,I,,"Batch/dp,Seq/cp,Dmodel/Head,Head/tp",1,,,transformer.7.mha.q@0,
transformer.7.mha.dkv@0,N,transformer.7.mha.dv@0,transformer.7.mha.dk@0,SLICE,3:2*Head/tp,"Batch/dp,Seq/cp,Dmodel/Head,Head/tp",1,"Batch/dp,Seq/cp,Dmodel/Head,Head/tp",1.00000000000000,,
transformer.7.mha.dqkv@0,N,transformer.7.mha.dkv@0,transformer.7.mha.dq@0,SLICE,3:(2*Head+Head)/tp,"Batch/dp,Seq/cp,Dmodel/Head,2*Head/tp",1,"Batch/dp,Seq/cp,Dmodel/Head,Head/tp",1.00000000000000,transformer.7.mha.qkv@0,
transformer.7.mha.dwqkv@0,N,transformer.7.mha.dqkv@0,transformer.7.mha.x@0,M,"bsnh,bsm->mnh","Batch/dp,Seq/cp,Dmodel/Head,3*Head/tp",1,"Batch/dp,Seq/cp,Dmodel",1.00000000000000,transformer.7.mha.wqkv@0,
transformer.7.mha.dx1@0,N,transformer.7.mha.dqkv@0,transformer.7._mha.wqkv_backward@0,M,"bsnh,mnh->bsm","Batch/dp,Seq/cp,Dmodel/Head,3*Head/tp",1,"Dmodel,Dmodel/Head,3*Head/tp",1.00000000000000,,
transformer.7.mha.dx@0,N,transformer.7.mha.dx1@0,,I,,"Batch/dp,Seq/(cp*tp),Dmodel",1,,,,
transformer.7.mha.attn_kernel.q@0,N,transformer.7.mha.q@0,,I,,"Batch/dp,Seq/cp,Dmodel/Head,Head/tp",1,,,,
transformer.7.mha.attn_kernel.k@0,N,transformer.7.mha.k@0,,I,,"Batch/dp,Seq/cp,Dmodel/Head,Head/tp",1,,,,
transformer.7.mha.attn_kernel.v@0,N,transformer.7.mha.v@0,,I,,"Batch/dp,Seq/cp,Dmodel/Head,Head/tp",1,,,,
transformer.7.mha.attn_kernel.k1@0,N,transformer.7.mha.attn_kernel.k@0,,I,,"Batch/dp,Seq,Dmodel/Head,Head/tp",1,,,,
transformer.7.mha.attn_kernel.v1@0,N,transformer.7.mha.attn_kernel.v@0,,I,,"Batch/dp,Seq,Dmodel/Head,Head/tp",1,,,,
transformer.7.mha.attn_kernel.qkv@0,N,transformer.7.mha.attn_kernel.q@0,,CUSTOM,Batch/dp*Seq/cp*Dmodel/Head*Head/tp*3,"Batch/dp,Seq/cp,Dmodel/Head,Head/tp",1,"Batch/dp,Seq/cp,Dmodel/Head,Head/tp",1,,"{""data_deps"": [""transformer.7.mha.attn_kernel.k1@0"", ""transformer.7.mha.attn_kernel.v1@0""]}"
transformer.7.mha.attn_kernel.dqkv@0,N,transformer.7.mha.dattn@0,,I,,"Batch/dp,Seq/cp,Dmodel/Head,Head/tp",1,,,transformer.7.mha.attn_kernel.qkv@0,
transformer.7.mha.attn_kernel.dq@0,N,transformer.7.mha.attn_kernel.dqkv@0,,CUSTOM,Batch/dp*Seq/cp*Dmodel/Head*Head/tp*6,"Batch/dp,Seq/cp,Dmodel/Head,Head/tp",1,"Batch/dp,Seq/cp,Dmodel/Head,Head/tp",1,transformer.7.mha.attn_kernel.q@0,
transformer.7.mha.attn_kernel.dk@0,N,transformer.7.mha.attn_kernel.dqkv@0,,CUSTOM,Batch/dp*Seq/cp*Dmodel/Head*Head/tp*6,"Batch/dp,Seq/cp,Dmodel/Head,Head/tp",1,"Batch/dp,Seq,Dmodel/Head,Head/tp",1/cp,,
transformer.7.mha.attn_kernel.dv@0,N,transformer.7.mha.attn_kernel.dqkv@0,,CUSTOM,Batch/dp*Seq/cp*Dmodel/Head*Head/tp*6,"Batch/dp,Seq/cp,Dmodel/Head,Head/tp",1,"Batch/dp,Seq,Dmodel/Head,Head/tp",1/cp,,
transformer.7.mha_res.x1@0,N,transformer.7.mha.o@0,,I,,"Batch/dp,Seq/(cp*tp),Dmodel",1,,,,
transformer.7.mha_res.x2@0,N,transformer.7.input_norm.x@0,,I,,"Batch/dp,Seq/(cp*tp),Dmodel",1,,,,
transformer.7.mha_res.y@0,N,transformer.7.mha_res.x1@0,transformer.7.mha_res.x2@0,A,,"Batch/dp,Seq/(cp*tp),Dmodel",1,"Batch/dp,Seq/(cp*tp),Dmodel",1.00000000000000,,
transformer.7.mha_res.dy@0,N,transformer.7.post_attn_norm.dx@0,,I,,"Batch/dp,Seq/(cp*tp),Dmodel",1,,,transformer.7.mha_res.y@0,
transformer.7.mha_res.dx1@0,N,transformer.7.mha_res.dy@0,,I,,"Batch/dp,Seq/(cp*tp),Dmodel",1,,,transformer.7.mha_res.x1@0,
transformer.7.mha_res.dx2@0,N,transformer.7.mha_res.dy@0,,I,,"Batch/dp,Seq/(cp*tp),Dmodel",1,,,transformer.7.mha_res.x2@0,
transformer.7.post_attn_norm.x@0,N,transformer.7.mha_res.y@0,,I,,"Batch/dp,Seq/(cp*tp),Dmodel",1,,,,
transformer.7.post_attn_norm.y@0,N,transformer.7.post_attn_norm.x@0,,E,5.0,"Batch/dp,Seq/(cp*tp),Dmodel",1,,,,
transformer.7.post_attn_norm.dy@0,N,transformer.7.ffn.dx0@0,transformer.7.ffn_res.dx2@0,A,,"Batch/dp,Seq/(cp*tp),Dmodel",1,"Batch/dp,Seq/(cp*tp),Dmodel",1,transformer.7.post_attn_norm.y@0,
transformer.7.post_attn_norm.dx@0,N,transformer.7.post_attn_norm.dy@0,,E,5.0,"Batch/dp,Seq/(cp*tp),Dmodel",1,,,transformer.7.post_attn_norm.x@0,
transformer.7.ffn.x0@0,N,transformer.7.post_attn_norm.y@0,,I,,"Batch/dp,Seq/(cp*tp),Dmodel",1,,,,
transformer.7.ffn.wgate@0,N,transformer.7._assembled_weight@0,,CUSTOM,0,2*Dff*Dmodel/tp + 4*Dmodel**2/tp,1,"Dmodel,Dff/tp",1,,
transformer.7.ffn.wdown@0,N,transformer.7._assembled_weight@0,,CUSTOM,0,2*Dff*Dmodel/tp + 4*Dmodel**2/tp,1,"Dff/tp,Dmodel",1,,
transformer.7.ffn.x00@0,N,transformer.7.ffn.x0@0,,I,,"Batch/dp,Seq/cp,Dmodel",1,,,,
transformer.7.ffn.xgate@0,N,transformer.7.ffn.x00@0,transformer.7.ffn.wgate@0,M,"bsm,mn->bsn","Batch/dp,Seq/cp,Dmodel",1,"Dmodel,Dff/tp",1.00000000000000,,
transformer.7.ffn.xdown1@0,N,transformer.7.ffn.xgate@0,transformer.7.ffn.wdown@0,M,"bsm,mn->bsn","Batch/dp,Seq/cp,Dff/tp",1,"Dff/tp,Dmodel",1.00000000000000,,
transformer.7.ffn.xdown@0,N,transformer.7.ffn.xdown1@0,,I,,"Batch/dp,Seq/(cp*tp),Dff",1,,,,
transformer.7.ffn.dxdown@0,N,transformer.7.ffn_res.dx1@0,,I,,"Batch/dp,Seq/(cp*tp),Dmodel",1,,,transformer.7.ffn.xdown@0,
transformer.7.ffn.dxdown2@0,N,transformer.7.ffn.dxdown@0,,I,,"Batch/dp,Seq/cp,Dmodel",1,,,,
transformer.7.ffn.dwdown@0,N,transformer.7.ffn.dxdown2@0,transformer.7.ffn.xgate@0,M,"bsn,bsm->mn","Batch/dp,Seq/cp,Dmodel",1,"Batch/dp,Seq/cp,Dff/tp",1.00000000000000,transformer.7.ffn.wdown@0,
transformer.7.ffn.dxgate@0,N,transformer.7.ffn.dxdown2@0,transformer.7._ffn.wdown_backward@0,M,"bsn,mn->bsm","Batch/dp,Seq/cp,Dmodel",1,"Dff/tp,Dmodel",1.00000000000000,transformer.7.ffn.xgate@0,
transformer.7.ffn.x01@0,N,transformer.7.ffn.x0@0,,I,,"Batch/dp,Seq/cp,Dmodel",1,,,,
transformer.7.ffn.dwgate@0,N,transformer.7.ffn.dxgate@0,transformer.7.ffn.x01@0,M,"bsn,bsm->mn","Batch/dp,Seq/cp,Dff/tp",1,"Batch/dp,Seq/cp,Dmodel",1.00000000000000,transformer.7.ffn.wgate@0,
transformer.7.ffn.dx000@0,N,transformer.7.ffn.dxgate@0,transformer.7._ffn.wgate_backward@0,M,"bsn,mn->bsm","Batch/dp,Seq/cp,Dff/tp",1,"Dmodel,Dff/tp",1.00000000000000,,
transformer.7.ffn.dx0@0,N,transformer.7.ffn.dx000@0,,I,,"Batch/dp,Seq/(cp*tp),Dmodel",1,,,,
transformer.7.ffn_res.x1@0,N,transformer.7.ffn.xdown@0,,I,,"Batch/dp,Seq/(cp*tp),Dmodel",1,,,,
transformer.7.ffn_res.x2@0,N,transformer.7.post_attn_norm.x@0,,I,,"Batch/dp,Seq/(cp*tp),Dmodel",1,,,,
transformer.7.ffn_res.y@0,N,transformer.7.ffn_res.x1@0,transformer.7.ffn_res.x2@0,A,,"Batch/dp,Seq/(cp*tp),Dmodel",1,"Batch/dp,Seq/(cp*tp),Dmodel",1.00000000000000,,
transformer.7.ffn_res.dy@0,N,transformer.8.input_norm.dx@0,,I,,"Batch/dp,Seq/(cp*tp),Dmodel",1,,,transformer.7.ffn_res.y@0,
transformer.7.ffn_res.dx1@0,N,transformer.7.ffn_res.dy@0,,I,,"Batch/dp,Seq/(cp*tp),Dmodel",1,,,transformer.7.ffn_res.x1@0,
transformer.7.ffn_res.dx2@0,N,transformer.7.ffn_res.dy@0,,I,,"Batch/dp,Seq/(cp*tp),Dmodel",1,,,transformer.7.ffn_res.x2@0,
transformer.7._sharded_weight@0,Y,,,T,,(2*Dff*Dmodel/tp + 4*Dmodel**2/tp)/fsdp,1,,,,
transformer.7._assembled_weight@0,N,transformer.7._sharded_weight@0,,I,,2*Dff*Dmodel/tp + 4*Dmodel**2/tp,1,,,,
transformer.7._sharded_grad@0,N,transformer.7._assembled_grad@0,,I,,(2*Dff*Dmodel/tp + 4*Dmodel**2/tp)/fsdp,1,,,transformer.7._sharded_weight@0,
transformer.7._assembled_grad@0,N,transformer.7.mha.dwqkv@0,,CUSTOM,0,"Dmodel,Dmodel/Head,3*Head/tp","Batch/dp,Seq/cp",2*Dff*Dmodel/tp + 4*Dmodel**2/tp,"Batch/dp,Seq/cp",,"{""data_deps"": [""transformer.7.mha.dwo@0"", ""transformer.7.ffn.dwgate@0"", ""transformer.7.ffn.dwdown@0""]}"
transformer.7._mha.wqkv_backward@0,N,transformer.7._assembled_weight_backward@0,,CUSTOM,0,2*Dff*Dmodel/tp + 4*Dmodel**2/tp,1,"Dmodel,Dmodel/Head,3*Head/tp",1,,
transformer.7._mha.wo_backward@0,N,transformer.7._assembled_weight_backward@0,,CUSTOM,0,2*Dff*Dmodel/tp + 4*Dmodel**2/tp,1,"Dmodel/Head,Head/tp,Dmodel",1,,
transformer.7._ffn.wgate_backward@0,N,transformer.7._assembled_weight_backward@0,,CUSTOM,0,2*Dff*Dmodel/tp + 4*Dmodel**2/tp,1,"Dmodel,Dff/tp",1,,
transformer.7._ffn.wdown_backward@0,N,transformer.7._assembled_weight_backward@0,,CUSTOM,0,2*Dff*Dmodel/tp + 4*Dmodel**2/tp,1,"Dff/tp,Dmodel",1,,
transformer.7._assembled_weight_backward@0,N,transformer.7._sharded_weight@0,,I,,2*Dff*Dmodel/tp + 4*Dmodel**2/tp,1,,,,
transformer.8.input_norm.x@0,N,transformer.7.ffn_res.y@0,,I,,"Batch/dp,Seq/(cp*tp),Dmodel",1,,,,
transformer.8.input_norm.y@0,N,transformer.8.input_norm.x@0,,E,5.0,"Batch/dp,Seq/(cp*tp),Dmodel",1,,,,
transformer.8.input_norm.dy@0,N,transformer.8.mha.dx@0,transformer.8.mha_res.dx2@0,A,,"Batch/dp,Seq/(cp*tp),Dmodel",1,"Batch/dp,Seq/(cp*tp),Dmodel",1,transformer.8.input_norm.y@0,
transformer.8.input_norm.dx@0,N,transformer.8.input_norm.dy@0,,E,5.0,"Batch/dp,Seq/(cp*tp),Dmodel",1,,,transformer.8.input_norm.x@0,
transformer.8.mha.x@0,N,transformer.8.input_norm.y@0,,I,,"Batch/dp,Seq/(cp*tp),Dmodel",1,,,,
transformer.8.mha.wqkv@0,N,transformer.8._assembled_weight@0,,CUSTOM,0,2*Dff*Dmodel/tp + 4*Dmodel**2/tp,1,"Dmodel,Dmodel/Head,3*Head/tp",1,,
transformer.8.mha.qkv@0,N,transformer.8.mha.x@0,transformer.8.mha.wqkv@0,M,"bsm,mnh->bsnh","Batch/dp,Seq/cp,Dmodel",1,"Dmodel,Dmodel/Head,3*Head/tp",1.00000000000000,,
transformer.8.mha.q@0,N,transformer.8.mha.qkv@0,,SLICE,3:Head/tp,"Batch/dp,Seq/cp,Dmodel/Head,3*Head/tp",1,,,,
transformer.8.mha.k@0,N,transformer.8.mha.qkv@0,,SLICE,3:Head/tp,"Batch/dp,Seq/cp,Dmodel/Head,3*Head/tp",1,,,,
transformer.8.mha.v@0,N,transformer.8.mha.qkv@0,,SLICE,3:Head/tp,"Batch/dp,Seq/cp,Dmodel/Head,3*Head/tp",1,,,,
transformer.8.mha.attn@0,N,transformer.8.mha.attn_kernel.qkv@0,,I,,"Batch/dp,Seq/cp,Dmodel/Head,Head/tp",1,,,,
transformer.8.mha.wo@0,N,transformer.8._assembled_weight@0,,CUSTOM,0,2*Dff*Dmodel/tp + 4*Dmodel**2/tp,1,"Dmodel/Head,Head/tp,Dmodel",1,,
transformer.8.mha.o1@0,N,transformer.8.mha.attn@0,transformer.8.mha.wo@0,M,"bsmh,mhn->bsn","Batch/dp,Seq/cp,Dmodel/Head,Head/tp",1,"Dmodel/Head,Head/tp,Dmodel",1.00000000000000,,
transformer.8.mha.o@0,N,transformer.8.mha.o1@0,,I,,"Batch/dp,Seq/(cp*tp),Dmodel",1,,,,
transformer.8.mha.do@0,N,transformer.8.mha_res.dx1@0,,I,,"Batch/dp,Seq/(cp*tp),Dmodel",1,,,transformer.8.mha.o@0,
transformer.8.mha.do1@0,N,transformer.8.mha.do@0,,I,,"Batch/dp,Seq/cp,Dmodel",1,,,transformer.8.mha.o1@0,
transformer.8.mha.dattn@0,N,transformer.8.mha.do1@0,transformer.8._mha.wo_backward@0,M,"bsn,mhn->bsmh","Batch/dp,Seq/cp,Dmodel",1,"Dmodel/Head,Head/tp,Dmodel",1.00000000000000,,
transformer.8.mha.dwo@0,N,transformer.8.mha.do1@0,transformer.8.mha.attn@0,M,"bsn,bsmh->mhn","Batch/dp,Seq/cp,Dmodel",1,"Batch/dp,Seq/cp,Dmodel/Head,Head/tp",1.00000000000000,transformer.8.mha.wo@0,
transformer.8.mha.dv@0,N,transformer.8.mha.attn_kernel.dv@0,,I,,"Batch/dp,Seq/cp,Dmodel/Head,Head/tp",1,,,transformer.8.mha.v@0,
transformer.8.mha.dk@0,N,transformer.8.mha.attn_kernel.dk@0,,I,,"Batch/dp,Seq/cp,Dmodel/Head,Head/tp",1,,,transformer.8.mha.k@0,
transformer.8.mha.dq@0,N,transformer.8.mha.attn_kernel.dq@0,,I,,"Batch/dp,Seq/cp,Dmodel/Head,Head/tp",1,,,transformer.8.mha.q@0,
transformer.8.mha.dkv@0,N,transformer.8.mha.dv@0,transformer.8.mha.dk@0,SLICE,3:2*Head/tp,"Batch/dp,Seq/cp,Dmodel/Head,Head/tp",1,"Batch/dp,Seq/cp,Dmodel/Head,Head/tp",1.00000000000000,,
transformer.8.mha.dqkv@0,N,transformer.8.mha.dkv@0,transformer.8.mha.dq@0,SLICE,3:(2*Head+Head)/tp,"Batch/dp,Seq/cp,Dmodel/Head,2*Head/tp",1,"Batch/dp,Seq/cp,Dmodel/Head,Head/tp",1.00000000000000,transformer.8.mha.qkv@0,
transformer.8.mha.dwqkv@0,N,transformer.8.mha.dqkv@0,transformer.8.mha.x@0,M,"bsnh,bsm->mnh","Batch/dp,Seq/cp,Dmodel/Head,3*Head/tp",1,"Batch/dp,Seq/cp,Dmodel",1.00000000000000,transformer.8.mha.wqkv@0,
transformer.8.mha.dx1@0,N,transformer.8.mha.dqkv@0,transformer.8._mha.wqkv_backward@0,M,"bsnh,mnh->bsm","Batch/dp,Seq/cp,Dmodel/Head,3*Head/tp",1,"Dmodel,Dmodel/Head,3*Head/tp",1.00000000000000,,
transformer.8.mha.dx@0,N,transformer.8.mha.dx1@0,,I,,"Batch/dp,Seq/(cp*tp),Dmodel",1,,,,
transformer.8.mha.attn_kernel.q@0,N,transformer.8.mha.q@0,,I,,"Batch/dp,Seq/cp,Dmodel/Head,Head/tp",1,,,,
transformer.8.mha.attn_kernel.k@0,N,transformer.8.mha.k@0,,I,,"Batch/dp,Seq/cp,Dmodel/Head,Head/tp",1,,,,
transformer.8.mha.attn_kernel.v@0,N,transformer.8.mha.v@0,,I,,"Batch/dp,Seq/cp,Dmodel/Head,Head/tp",1,,,,
transformer.8.mha.attn_kernel.k1@0,N,transformer.8.mha.attn_kernel.k@0,,I,,"Batch/dp,Seq,Dmodel/Head,Head/tp",1,,,,
transformer.8.mha.attn_kernel.v1@0,N,transformer.8.mha.attn_kernel.v@0,,I,,"Batch/dp,Seq,Dmodel/Head,Head/tp",1,,,,
transformer.8.mha.attn_kernel.qkv@0,N,transformer.8.mha.attn_kernel.q@0,,CUSTOM,Batch/dp*Seq/cp*Dmodel/Head*Head/tp*3,"Batch/dp,Seq/cp,Dmodel/Head,Head/tp",1,"Batch/dp,Seq/cp,Dmodel/Head,Head/tp",1,,"{""data_deps"": [""transformer.8.mha.attn_kernel.k1@0"", ""transformer.8.mha.attn_kernel.v1@0""]}"
transformer.8.mha.attn_kernel.dqkv@0,N,transformer.8.mha.dattn@0,,I,,"Batch/dp,Seq/cp,Dmodel/Head,Head/tp",1,,,transformer.8.mha.attn_kernel.qkv@0,
transformer.8.mha.attn_kernel.dq@0,N,transformer.8.mha.attn_kernel.dqkv@0,,CUSTOM,Batch/dp*Seq/cp*Dmodel/Head*Head/tp*6,"Batch/dp,Seq/cp,Dmodel/Head,Head/tp",1,"Batch/dp,Seq/cp,Dmodel/Head,Head/tp",1,transformer.8.mha.attn_kernel.q@0,
transformer.8.mha.attn_kernel.dk@0,N,transformer.8.mha.attn_kernel.dqkv@0,,CUSTOM,Batch/dp*Seq/cp*Dmodel/Head*Head/tp*6,"Batch/dp,Seq/cp,Dmodel/Head,Head/tp",1,"Batch/dp,Seq,Dmodel/Head,Head/tp",1/cp,,
transformer.8.mha.attn_kernel.dv@0,N,transformer.8.mha.attn_kernel.dqkv@0,,CUSTOM,Batch/dp*Seq/cp*Dmodel/Head*Head/tp*6,"Batch/dp,Seq/cp,Dmodel/Head,Head/tp",1,"Batch/dp,Seq,Dmodel/Head,Head/tp",1/cp,,
transformer.8.mha_res.x1@0,N,transformer.8.mha.o@0,,I,,"Batch/dp,Seq/(cp*tp),Dmodel",1,,,,
transformer.8.mha_res.x2@0,N,transformer.8.input_norm.x@0,,I,,"Batch/dp,Seq/(cp*tp),Dmodel",1,,,,
transformer.8.mha_res.y@0,N,transformer.8.mha_res.x1@0,transformer.8.mha_res.x2@0,A,,"Batch/dp,Seq/(cp*tp),Dmodel",1,"Batch/dp,Seq/(cp*tp),Dmodel",1.00000000000000,,
transformer.8.mha_res.dy@0,N,transformer.8.post_attn_norm.dx@0,,I,,"Batch/dp,Seq/(cp*tp),Dmodel",1,,,transformer.8.mha_res.y@0,
transformer.8.mha_res.dx1@0,N,transformer.8.mha_res.dy@0,,I,,"Batch/dp,Seq/(cp*tp),Dmodel",1,,,transformer.8.mha_res.x1@0,
transformer.8.mha_res.dx2@0,N,transformer.8.mha_res.dy@0,,I,,"Batch/dp,Seq/(cp*tp),Dmodel",1,,,transformer.8.mha_res.x2@0,
transformer.8.post_attn_norm.x@0,N,transformer.8.mha_res.y@0,,I,,"Batch/dp,Seq/(cp*tp),Dmodel",1,,,,
transformer.8.post_attn_norm.y@0,N,transformer.8.post_attn_norm.x@0,,E,5.0,"Batch/dp,Seq/(cp*tp),Dmodel",1,,,,
transformer.8.post_attn_norm.dy@0,N,transformer.8.ffn.dx0@0,transformer.8.ffn_res.dx2@0,A,,"Batch/dp,Seq/(cp*tp),Dmodel",1,"Batch/dp,Seq/(cp*tp),Dmodel",1,transformer.8.post_attn_norm.y@0,
transformer.8.post_attn_norm.dx@0,N,transformer.8.post_attn_norm.dy@0,,E,5.0,"Batch/dp,Seq/(cp*tp),Dmodel",1,,,transformer.8.post_attn_norm.x@0,
transformer.8.ffn.x0@0,N,transformer.8.post_attn_norm.y@0,,I,,"Batch/dp,Seq/(cp*tp),Dmodel",1,,,,
transformer.8.ffn.wgate@0,N,transformer.8._assembled_weight@0,,CUSTOM,0,2*Dff*Dmodel/tp + 4*Dmodel**2/tp,1,"Dmodel,Dff/tp",1,,
transformer.8.ffn.wdown@0,N,transformer.8._assembled_weight@0,,CUSTOM,0,2*Dff*Dmodel/tp + 4*Dmodel**2/tp,1,"Dff/tp,Dmodel",1,,
transformer.8.ffn.x00@0,N,transformer.8.ffn.x0@0,,I,,"Batch/dp,Seq/cp,Dmodel",1,,,,
transformer.8.ffn.xgate@0,N,transformer.8.ffn.x00@0,transformer.8.ffn.wgate@0,M,"bsm,mn->bsn","Batch/dp,Seq/cp,Dmodel",1,"Dmodel,Dff/tp",1.00000000000000,,
transformer.8.ffn.xdown1@0,N,transformer.8.ffn.xgate@0,transformer.8.ffn.wdown@0,M,"bsm,mn->bsn","Batch/dp,Seq/cp,Dff/tp",1,"Dff/tp,Dmodel",1.00000000000000,,
transformer.8.ffn.xdown@0,N,transformer.8.ffn.xdown1@0,,I,,"Batch/dp,Seq/(cp*tp),Dff",1,,,,
transformer.8.ffn.dxdown@0,N,transformer.8.ffn_res.dx1@0,,I,,"Batch/dp,Seq/(cp*tp),Dmodel",1,,,transformer.8.ffn.xdown@0,
transformer.8.ffn.dxdown2@0,N,transformer.8.ffn.dxdown@0,,I,,"Batch/dp,Seq/cp,Dmodel",1,,,,
transformer.8.ffn.dwdown@0,N,transformer.8.ffn.dxdown2@0,transformer.8.ffn.xgate@0,M,"bsn,bsm->mn","Batch/dp,Seq/cp,Dmodel",1,"Batch/dp,Seq/cp,Dff/tp",1.00000000000000,transformer.8.ffn.wdown@0,
transformer.8.ffn.dxgate@0,N,transformer.8.ffn.dxdown2@0,transformer.8._ffn.wdown_backward@0,M,"bsn,mn->bsm","Batch/dp,Seq/cp,Dmodel",1,"Dff/tp,Dmodel",1.00000000000000,transformer.8.ffn.xgate@0,
transformer.8.ffn.x01@0,N,transformer.8.ffn.x0@0,,I,,"Batch/dp,Seq/cp,Dmodel",1,,,,
transformer.8.ffn.dwgate@0,N,transformer.8.ffn.dxgate@0,transformer.8.ffn.x01@0,M,"bsn,bsm->mn","Batch/dp,Seq/cp,Dff/tp",1,"Batch/dp,Seq/cp,Dmodel",1.00000000000000,transformer.8.ffn.wgate@0,
transformer.8.ffn.dx000@0,N,transformer.8.ffn.dxgate@0,transformer.8._ffn.wgate_backward@0,M,"bsn,mn->bsm","Batch/dp,Seq/cp,Dff/tp",1,"Dmodel,Dff/tp",1.00000000000000,,
transformer.8.ffn.dx0@0,N,transformer.8.ffn.dx000@0,,I,,"Batch/dp,Seq/(cp*tp),Dmodel",1,,,,
transformer.8.ffn_res.x1@0,N,transformer.8.ffn.xdown@0,,I,,"Batch/dp,Seq/(cp*tp),Dmodel",1,,,,
transformer.8.ffn_res.x2@0,N,transformer.8.post_attn_norm.x@0,,I,,"Batch/dp,Seq/(cp*tp),Dmodel",1,,,,
transformer.8.ffn_res.y@0,N,transformer.8.ffn_res.x1@0,transformer.8.ffn_res.x2@0,A,,"Batch/dp,Seq/(cp*tp),Dmodel",1,"Batch/dp,Seq/(cp*tp),Dmodel",1.00000000000000,,
transformer.8.ffn_res.dy@0,N,transformer.9.input_norm.dx@0,,I,,"Batch/dp,Seq/(cp*tp),Dmodel",1,,,transformer.8.ffn_res.y@0,
transformer.8.ffn_res.dx1@0,N,transformer.8.ffn_res.dy@0,,I,,"Batch/dp,Seq/(cp*tp),Dmodel",1,,,transformer.8.ffn_res.x1@0,
transformer.8.ffn_res.dx2@0,N,transformer.8.ffn_res.dy@0,,I,,"Batch/dp,Seq/(cp*tp),Dmodel",1,,,transformer.8.ffn_res.x2@0,
transformer.8._sharded_weight@0,Y,,,T,,(2*Dff*Dmodel/tp + 4*Dmodel**2/tp)/fsdp,1,,,,
transformer.8._assembled_weight@0,N,transformer.8._sharded_weight@0,,I,,2*Dff*Dmodel/tp + 4*Dmodel**2/tp,1,,,,
transformer.8._sharded_grad@0,N,transformer.8._assembled_grad@0,,I,,(2*Dff*Dmodel/tp + 4*Dmodel**2/tp)/fsdp,1,,,transformer.8._sharded_weight@0,
transformer.8._assembled_grad@0,N,transformer.8.mha.dwqkv@0,,CUSTOM,0,"Dmodel,Dmodel/Head,3*Head/tp","Batch/dp,Seq/cp",2*Dff*Dmodel/tp + 4*Dmodel**2/tp,"Batch/dp,Seq/cp",,"{""data_deps"": [""transformer.8.mha.dwo@0"", ""transformer.8.ffn.dwgate@0"", ""transformer.8.ffn.dwdown@0""]}"
transformer.8._mha.wqkv_backward@0,N,transformer.8._assembled_weight_backward@0,,CUSTOM,0,2*Dff*Dmodel/tp + 4*Dmodel**2/tp,1,"Dmodel,Dmodel/Head,3*Head/tp",1,,
transformer.8._mha.wo_backward@0,N,transformer.8._assembled_weight_backward@0,,CUSTOM,0,2*Dff*Dmodel/tp + 4*Dmodel**2/tp,1,"Dmodel/Head,Head/tp,Dmodel",1,,
transformer.8._ffn.wgate_backward@0,N,transformer.8._assembled_weight_backward@0,,CUSTOM,0,2*Dff*Dmodel/tp + 4*Dmodel**2/tp,1,"Dmodel,Dff/tp",1,,
transformer.8._ffn.wdown_backward@0,N,transformer.8._assembled_weight_backward@0,,CUSTOM,0,2*Dff*Dmodel/tp + 4*Dmodel**2/tp,1,"Dff/tp,Dmodel",1,,
transformer.8._assembled_weight_backward@0,N,transformer.8._sharded_weight@0,,I,,2*Dff*Dmodel/tp + 4*Dmodel**2/tp,1,,,,
transformer.9.input_norm.x@0,N,transformer.8.ffn_res.y@0,,I,,"Batch/dp,Seq/(cp*tp),Dmodel",1,,,,
transformer.9.input_norm.y@0,N,transformer.9.input_norm.x@0,,E,5.0,"Batch/dp,Seq/(cp*tp),Dmodel",1,,,,
transformer.9.input_norm.dy@0,N,transformer.9.mha.dx@0,transformer.9.mha_res.dx2@0,A,,"Batch/dp,Seq/(cp*tp),Dmodel",1,"Batch/dp,Seq/(cp*tp),Dmodel",1,transformer.9.input_norm.y@0,
transformer.9.input_norm.dx@0,N,transformer.9.input_norm.dy@0,,E,5.0,"Batch/dp,Seq/(cp*tp),Dmodel",1,,,transformer.9.input_norm.x@0,
transformer.9.mha.x@0,N,transformer.9.input_norm.y@0,,I,,"Batch/dp,Seq/(cp*tp),Dmodel",1,,,,
transformer.9.mha.wqkv@0,N,transformer.9._assembled_weight@0,,CUSTOM,0,2*Dff*Dmodel/tp + 4*Dmodel**2/tp,1,"Dmodel,Dmodel/Head,3*Head/tp",1,,
transformer.9.mha.qkv@0,N,transformer.9.mha.x@0,transformer.9.mha.wqkv@0,M,"bsm,mnh->bsnh","Batch/dp,Seq/cp,Dmodel",1,"Dmodel,Dmodel/Head,3*Head/tp",1.00000000000000,,
transformer.9.mha.q@0,N,transformer.9.mha.qkv@0,,SLICE,3:Head/tp,"Batch/dp,Seq/cp,Dmodel/Head,3*Head/tp",1,,,,
transformer.9.mha.k@0,N,transformer.9.mha.qkv@0,,SLICE,3:Head/tp,"Batch/dp,Seq/cp,Dmodel/Head,3*Head/tp",1,,,,
transformer.9.mha.v@0,N,transformer.9.mha.qkv@0,,SLICE,3:Head/tp,"Batch/dp,Seq/cp,Dmodel/Head,3*Head/tp",1,,,,
transformer.9.mha.attn@0,N,transformer.9.mha.attn_kernel.qkv@0,,I,,"Batch/dp,Seq/cp,Dmodel/Head,Head/tp",1,,,,
transformer.9.mha.wo@0,N,transformer.9._assembled_weight@0,,CUSTOM,0,2*Dff*Dmodel/tp + 4*Dmodel**2/tp,1,"Dmodel/Head,Head/tp,Dmodel",1,,
transformer.9.mha.o1@0,N,transformer.9.mha.attn@0,transformer.9.mha.wo@0,M,"bsmh,mhn->bsn","Batch/dp,Seq/cp,Dmodel/Head,Head/tp",1,"Dmodel/Head,Head/tp,Dmodel",1.00000000000000,,
transformer.9.mha.o@0,N,transformer.9.mha.o1@0,,I,,"Batch/dp,Seq/(cp*tp),Dmodel",1,,,,
transformer.9.mha.do@0,N,transformer.9.mha_res.dx1@0,,I,,"Batch/dp,Seq/(cp*tp),Dmodel",1,,,transformer.9.mha.o@0,
transformer.9.mha.do1@0,N,transformer.9.mha.do@0,,I,,"Batch/dp,Seq/cp,Dmodel",1,,,transformer.9.mha.o1@0,
transformer.9.mha.dattn@0,N,transformer.9.mha.do1@0,transformer.9._mha.wo_backward@0,M,"bsn,mhn->bsmh","Batch/dp,Seq/cp,Dmodel",1,"Dmodel/Head,Head/tp,Dmodel",1.00000000000000,,
transformer.9.mha.dwo@0,N,transformer.9.mha.do1@0,transformer.9.mha.attn@0,M,"bsn,bsmh->mhn","Batch/dp,Seq/cp,Dmodel",1,"Batch/dp,Seq/cp,Dmodel/Head,Head/tp",1.00000000000000,transformer.9.mha.wo@0,
transformer.9.mha.dv@0,N,transformer.9.mha.attn_kernel.dv@0,,I,,"Batch/dp,Seq/cp,Dmodel/Head,Head/tp",1,,,transformer.9.mha.v@0,
transformer.9.mha.dk@0,N,transformer.9.mha.attn_kernel.dk@0,,I,,"Batch/dp,Seq/cp,Dmodel/Head,Head/tp",1,,,transformer.9.mha.k@0,
transformer.9.mha.dq@0,N,transformer.9.mha.attn_kernel.dq@0,,I,,"Batch/dp,Seq/cp,Dmodel/Head,Head/tp",1,,,transformer.9.mha.q@0,
transformer.9.mha.dkv@0,N,transformer.9.mha.dv@0,transformer.9.mha.dk@0,SLICE,3:2*Head/tp,"Batch/dp,Seq/cp,Dmodel/Head,Head/tp",1,"Batch/dp,Seq/cp,Dmodel/Head,Head/tp",1.00000000000000,,
transformer.9.mha.dqkv@0,N,transformer.9.mha.dkv@0,transformer.9.mha.dq@0,SLICE,3:(2*Head+Head)/tp,"Batch/dp,Seq/cp,Dmodel/Head,2*Head/tp",1,"Batch/dp,Seq/cp,Dmodel/Head,Head/tp",1.00000000000000,transformer.9.mha.qkv@0,
transformer.9.mha.dwqkv@0,N,transformer.9.mha.dqkv@0,transformer.9.mha.x@0,M,"bsnh,bsm->mnh","Batch/dp,Seq/cp,Dmodel/Head,3*Head/tp",1,"Batch/dp,Seq/cp,Dmodel",1.00000000000000,transformer.9.mha.wqkv@0,
transformer.9.mha.dx1@0,N,transformer.9.mha.dqkv@0,transformer.9._mha.wqkv_backward@0,M,"bsnh,mnh->bsm","Batch/dp,Seq/cp,Dmodel/Head,3*Head/tp",1,"Dmodel,Dmodel/Head,3*Head/tp",1.00000000000000,,
transformer.9.mha.dx@0,N,transformer.9.mha.dx1@0,,I,,"Batch/dp,Seq/(cp*tp),Dmodel",1,,,,
transformer.9.mha.attn_kernel.q@0,N,transformer.9.mha.q@0,,I,,"Batch/dp,Seq/cp,Dmodel/Head,Head/tp",1,,,,
transformer.9.mha.attn_kernel.k@0,N,transformer.9.mha.k@0,,I,,"Batch/dp,Seq/cp,Dmodel/Head,Head/tp",1,,,,
transformer.9.mha.attn_kernel.v@0,N,transformer.9.mha.v@0,,I,,"Batch/dp,Seq/cp,Dmodel/Head,Head/tp",1,,,,
transformer.9.mha.attn_kernel.k1@0,N,transformer.9.mha.attn_kernel.k@0,,I,,"Batch/dp,Seq,Dmodel/Head,Head/tp",1,,,,
transformer.9.mha.attn_kernel.v1@0,N,transformer.9.mha.attn_kernel.v@0,,I,,"Batch/dp,Seq,Dmodel/Head,Head/tp",1,,,,
transformer.9.mha.attn_kernel.qkv@0,N,transformer.9.mha.attn_kernel.q@0,,CUSTOM,Batch/dp*Seq/cp*Dmodel/Head*Head/tp*3,"Batch/dp,Seq/cp,Dmodel/Head,Head/tp",1,"Batch/dp,Seq/cp,Dmodel/Head,Head/tp",1,,"{""data_deps"": [""transformer.9.mha.attn_kernel.k1@0"", ""transformer.9.mha.attn_kernel.v1@0""]}"
transformer.9.mha.attn_kernel.dqkv@0,N,transformer.9.mha.dattn@0,,I,,"Batch/dp,Seq/cp,Dmodel/Head,Head/tp",1,,,transformer.9.mha.attn_kernel.qkv@0,
transformer.9.mha.attn_kernel.dq@0,N,transformer.9.mha.attn_kernel.dqkv@0,,CUSTOM,Batch/dp*Seq/cp*Dmodel/Head*Head/tp*6,"Batch/dp,Seq/cp,Dmodel/Head,Head/tp",1,"Batch/dp,Seq/cp,Dmodel/Head,Head/tp",1,transformer.9.mha.attn_kernel.q@0,
transformer.9.mha.attn_kernel.dk@0,N,transformer.9.mha.attn_kernel.dqkv@0,,CUSTOM,Batch/dp*Seq/cp*Dmodel/Head*Head/tp*6,"Batch/dp,Seq/cp,Dmodel/Head,Head/tp",1,"Batch/dp,Seq,Dmodel/Head,Head/tp",1/cp,,
transformer.9.mha.attn_kernel.dv@0,N,transformer.9.mha.attn_kernel.dqkv@0,,CUSTOM,Batch/dp*Seq/cp*Dmodel/Head*Head/tp*6,"Batch/dp,Seq/cp,Dmodel/Head,Head/tp",1,"Batch/dp,Seq,Dmodel/Head,Head/tp",1/cp,,
transformer.9.mha_res.x1@0,N,transformer.9.mha.o@0,,I,,"Batch/dp,Seq/(cp*tp),Dmodel",1,,,,
transformer.9.mha_res.x2@0,N,transformer.9.input_norm.x@0,,I,,"Batch/dp,Seq/(cp*tp),Dmodel",1,,,,
transformer.9.mha_res.y@0,N,transformer.9.mha_res.x1@0,transformer.9.mha_res.x2@0,A,,"Batch/dp,Seq/(cp*tp),Dmodel",1,"Batch/dp,Seq/(cp*tp),Dmodel",1.00000000000000,,
transformer.9.mha_res.dy@0,N,transformer.9.post_attn_norm.dx@0,,I,,"Batch/dp,Seq/(cp*tp),Dmodel",1,,,transformer.9.mha_res.y@0,
transformer.9.mha_res.dx1@0,N,transformer.9.mha_res.dy@0,,I,,"Batch/dp,Seq/(cp*tp),Dmodel",1,,,transformer.9.mha_res.x1@0,
transformer.9.mha_res.dx2@0,N,transformer.9.mha_res.dy@0,,I,,"Batch/dp,Seq/(cp*tp),Dmodel",1,,,transformer.9.mha_res.x2@0,
transformer.9.post_attn_norm.x@0,N,transformer.9.mha_res.y@0,,I,,"Batch/dp,Seq/(cp*tp),Dmodel",1,,,,
transformer.9.post_attn_norm.y@0,N,transformer.9.post_attn_norm.x@0,,E,5.0,"Batch/dp,Seq/(cp*tp),Dmodel",1,,,,
transformer.9.post_attn_norm.dy@0,N,transformer.9.ffn.dx0@0,transformer.9.ffn_res.dx2@0,A,,"Batch/dp,Seq/(cp*tp),Dmodel",1,"Batch/dp,Seq/(cp*tp),Dmodel",1,transformer.9.post_attn_norm.y@0,
transformer.9.post_attn_norm.dx@0,N,transformer.9.post_attn_norm.dy@0,,E,5.0,"Batch/dp,Seq/(cp*tp),Dmodel",1,,,transformer.9.post_attn_norm.x@0,
transformer.9.ffn.x0@0,N,transformer.9.post_attn_norm.y@0,,I,,"Batch/dp,Seq/(cp*tp),Dmodel",1,,,,
transformer.9.ffn.wgate@0,N,transformer.9._assembled_weight@0,,CUSTOM,0,2*Dff*Dmodel/tp + 4*Dmodel**2/tp,1,"Dmodel,Dff/tp",1,,
transformer.9.ffn.wdown@0,N,transformer.9._assembled_weight@0,,CUSTOM,0,2*Dff*Dmodel/tp + 4*Dmodel**2/tp,1,"Dff/tp,Dmodel",1,,
transformer.9.ffn.x00@0,N,transformer.9.ffn.x0@0,,I,,"Batch/dp,Seq/cp,Dmodel",1,,,,
transformer.9.ffn.xgate@0,N,transformer.9.ffn.x00@0,transformer.9.ffn.wgate@0,M,"bsm,mn->bsn","Batch/dp,Seq/cp,Dmodel",1,"Dmodel,Dff/tp",1.00000000000000,,
transformer.9.ffn.xdown1@0,N,transformer.9.ffn.xgate@0,transformer.9.ffn.wdown@0,M,"bsm,mn->bsn","Batch/dp,Seq/cp,Dff/tp",1,"Dff/tp,Dmodel",1.00000000000000,,
transformer.9.ffn.xdown@0,N,transformer.9.ffn.xdown1@0,,I,,"Batch/dp,Seq/(cp*tp),Dff",1,,,,
transformer.9.ffn.dxdown@0,N,transformer.9.ffn_res.dx1@0,,I,,"Batch/dp,Seq/(cp*tp),Dmodel",1,,,transformer.9.ffn.xdown@0,
transformer.9.ffn.dxdown2@0,N,transformer.9.ffn.dxdown@0,,I,,"Batch/dp,Seq/cp,Dmodel",1,,,,
transformer.9.ffn.dwdown@0,N,transformer.9.ffn.dxdown2@0,transformer.9.ffn.xgate@0,M,"bsn,bsm->mn","Batch/dp,Seq/cp,Dmodel",1,"Batch/dp,Seq/cp,Dff/tp",1.00000000000000,transformer.9.ffn.wdown@0,
transformer.9.ffn.dxgate@0,N,transformer.9.ffn.dxdown2@0,transformer.9._ffn.wdown_backward@0,M,"bsn,mn->bsm","Batch/dp,Seq/cp,Dmodel",1,"Dff/tp,Dmodel",1.00000000000000,transformer.9.ffn.xgate@0,
transformer.9.ffn.x01@0,N,transformer.9.ffn.x0@0,,I,,"Batch/dp,Seq/cp,Dmodel",1,,,,
transformer.9.ffn.dwgate@0,N,transformer.9.ffn.dxgate@0,transformer.9.ffn.x01@0,M,"bsn,bsm->mn","Batch/dp,Seq/cp,Dff/tp",1,"Batch/dp,Seq/cp,Dmodel",1.00000000000000,transformer.9.ffn.wgate@0,
transformer.9.ffn.dx000@0,N,transformer.9.ffn.dxgate@0,transformer.9._ffn.wgate_backward@0,M,"bsn,mn->bsm","Batch/dp,Seq/cp,Dff/tp",1,"Dmodel,Dff/tp",1.00000000000000,,
transformer.9.ffn.dx0@0,N,transformer.9.ffn.dx000@0,,I,,"Batch/dp,Seq/(cp*tp),Dmodel",1,,,,
transformer.9.ffn_res.x1@0,N,transformer.9.ffn.xdown@0,,I,,"Batch/dp,Seq/(cp*tp),Dmodel",1,,,,
transformer.9.ffn_res.x2@0,N,transformer.9.post_attn_norm.x@0,,I,,"Batch/dp,Seq/(cp*tp),Dmodel",1,,,,
transformer.9.ffn_res.y@0,N,transformer.9.ffn_res.x1@0,transformer.9.ffn_res.x2@0,A,,"Batch/dp,Seq/(cp*tp),Dmodel",1,"Batch/dp,Seq/(cp*tp),Dmodel",1.00000000000000,,
transformer.9.ffn_res.dy@0,N,out_emb.dx@0,,I,,"Batch/dp,Seq/(cp*tp),Dmodel",1,,,transformer.9.ffn_res.y@0,
transformer.9.ffn_res.dx1@0,N,transformer.9.ffn_res.dy@0,,I,,"Batch/dp,Seq/(cp*tp),Dmodel",1,,,transformer.9.ffn_res.x1@0,
transformer.9.ffn_res.dx2@0,N,transformer.9.ffn_res.dy@0,,I,,"Batch/dp,Seq/(cp*tp),Dmodel",1,,,transformer.9.ffn_res.x2@0,
transformer.9._sharded_weight@0,Y,,,T,,(2*Dff*Dmodel/tp + 4*Dmodel**2/tp)/fsdp,1,,,,
transformer.9._assembled_weight@0,N,transformer.9._sharded_weight@0,,I,,2*Dff*Dmodel/tp + 4*Dmodel**2/tp,1,,,,
transformer.9._sharded_grad@0,N,transformer.9._assembled_grad@0,,I,,(2*Dff*Dmodel/tp + 4*Dmodel**2/tp)/fsdp,1,,,transformer.9._sharded_weight@0,
transformer.9._assembled_grad@0,N,transformer.9.mha.dwqkv@0,,CUSTOM,0,"Dmodel,Dmodel/Head,3*Head/tp","Batch/dp,Seq/cp",2*Dff*Dmodel/tp + 4*Dmodel**2/tp,"Batch/dp,Seq/cp",,"{""data_deps"": [""transformer.9.mha.dwo@0"", ""transformer.9.ffn.dwgate@0"", ""transformer.9.ffn.dwdown@0""]}"
transformer.9._mha.wqkv_backward@0,N,transformer.9._assembled_weight_backward@0,,CUSTOM,0,2*Dff*Dmodel/tp + 4*Dmodel**2/tp,1,"Dmodel,Dmodel/Head,3*Head/tp",1,,
transformer.9._mha.wo_backward@0,N,transformer.9._assembled_weight_backward@0,,CUSTOM,0,2*Dff*Dmodel/tp + 4*Dmodel**2/tp,1,"Dmodel/Head,Head/tp,Dmodel",1,,
transformer.9._ffn.wgate_backward@0,N,transformer.9._assembled_weight_backward@0,,CUSTOM,0,2*Dff*Dmodel/tp + 4*Dmodel**2/tp,1,"Dmodel,Dff/tp",1,,
transformer.9._ffn.wdown_backward@0,N,transformer.9._assembled_weight_backward@0,,CUSTOM,0,2*Dff*Dmodel/tp + 4*Dmodel**2/tp,1,"Dff/tp,Dmodel",1,,
transformer.9._assembled_weight_backward@0,N,transformer.9._sharded_weight@0,,I,,2*Dff*Dmodel/tp + 4*Dmodel**2/tp,1,,,,
in_emb.x@0,N,,,T,,"Batch/dp,Seq/(cp*tp),Dvocal",1,,,,
in_emb.w@0,Y,,,T,,"Dvocal,Dmodel",1,,,,
in_emb.y@0,N,in_emb.x@0,in_emb.w@0,M,"bsm,mn->bsn","Batch/dp,Seq/(cp*tp),Dvocal",1,"Dvocal,Dmodel",1.00000000000000,,
in_emb.dy@0,N,transformer.0.input_norm.dx@0,,I,,"Batch/dp,Seq/(cp*tp),Dmodel",1,,,in_emb.y@0,
in_emb.dw@0,N,in_emb.dy@0,in_emb.x@0,M,"bsn,bsm->mn","Batch/dp,Seq/(cp*tp),Dmodel",1,"Batch/dp,Seq/(cp*tp),Dvocal",1.00000000000000,in_emb.w@0,
in_emb.dx@0,N,in_emb.dy@0,in_emb.w@0,M,"bsn,mn->bsm","Batch/dp,Seq/(cp*tp),Dmodel",1,"Dvocal,Dmodel",1.00000000000000,in_emb.x@0,
out_emb.x@0,N,transformer.9.ffn_res.y@0,,I,,"Batch/dp,Seq/(cp*tp),Dmodel",1,,,,
out_emb.w@0,Y,,,T,,"Dmodel,Dvocal",1,,,,
out_emb.y@0,N,out_emb.x@0,out_emb.w@0,M,"bsm,mn->bsn","Batch/dp,Seq/(cp*tp),Dmodel",1,"Dmodel,Dvocal",1.00000000000000,,
out_emb.dy@0,N,loss.dy@0,,I,,"Batch/dp,Seq/(cp*tp),Dvocal",1,,,out_emb.y@0,
out_emb.dw@0,N,out_emb.dy@0,out_emb.x@0,M,"bsn,bsm->mn","Batch/dp,Seq/(cp*tp),Dvocal",1,"Batch/dp,Seq/(cp*tp),Dmodel",1.00000000000000,out_emb.w@0,
out_emb.dx@0,N,out_emb.dy@0,out_emb.w@0,M,"bsn,mn->bsm","Batch/dp,Seq/(cp*tp),Dvocal",1,"Dmodel,Dvocal",1.00000000000000,out_emb.x@0,
loss.y@0,N,out_emb.y@0,,I,,"Batch/dp,Seq/(cp*tp),Dmodel",1,,,,
loss.loss@0,N,loss.y@0,,E,5.0,"Batch/dp,Seq/(cp*tp),Dmodel",1,,,,
loss.dy@0,N,loss.loss@0,,E,5.0,"Batch/dp,Seq/(cp*tp),Dmodel",1,,,,
